температура,давление,плотность,вязкость,содержание серы,точка возгорания,обводненность,содержание соли,индекс качества
116.92,6.98,880.48,2.41,1.485,122.74,13.1,73.19,38.24
90.11,9.64,860.5,23.57,0.424,158.52,3.69,10.45,49.29
123.69,4.21,830.81,31.48,1.843,74.17,7.33,34.21,25.6
110.79,4.71,873.38,23.83,0.543,113.79,0.45,123.31,47.96
62.53,8.27,817.18,7.84,0.242,127.54,0.13,155.02,41.86
133.05,5.45,875.83,20.78,1.621,159.01,10.58,151.21,38.89
115.89,7.58,860.15,21.47,2.114,194.49,1.77,116.74,38.62
117.89,5.03,819.41,10.6,2.741,176.48,8.22,16.95,34.31
65.25,2.78,816.76,38.18,2.516,141.34,10.44,3.46,11.1
91.03,7.66,873.82,17.09,2.75,135.46,0.48,156.43,24.2
84.66,2.01,834.9,30.07,2.444,138.49,6.73,109.88,22.69
129.14,2.63,885.59,26.51,2.265,129.5,10.26,156.54,25.52
106.51,6.57,874.78,44.06,0.082,54.2,13.35,32.56,28.5
120.82,7.67,869.35,7.42,2.022,153.24,4.49,81.48,42.97
90.47,9.03,833.68,7.04,0.43,156.03,14.61,183.83,36.16
73.18,3.31,870.26,16.07,0.235,124.43,12.67,34.32,40.99
99.37,1.82,890.59,22.41,0.543,179.91,9.76,12.31,57.27
60.11,9.6,817.78,15.98,2.643,149.23,5.88,130.69,18.07
121.21,2.22,837.72,38.51,2.393,101.21,10.67,118.91,18.39
105.53,2.62,829.95,13.4,3.039,48.05,12.24,190.41,5.52
115.65,3.48,843.43,5.61,3.134,54.17,4.55,181.29,15.65
83.36,5.67,873.1,21.57,2.864,99.53,14.89,149.89,7.21
132.66,8.92,850.31,39.01,0.469,116.63,13.63,3.83,42.29
126.45,7.8,858.51,42.75,2.817,70.87,7.28,96.08,13.7
117.27,7.32,836.7,37.07,2.692,74.35,10.84,179.22,7.1
70.57,2.41,822.01,28.56,2.794,80.68,7.86,86.73,0.0
92.34,4.09,832.69,36.62,0.528,165.98,11.41,192.43,32.71
58.5,5.2,883.07,34.55,0.418,164.55,12.4,130.5,26.02
67.34,2.16,861.21,12.87,2.96,104.36,0.35,21.89,18.37
109.64,3.32,842.13,28.21,0.598,71.72,1.19,101.85,41.05
114.58,3.64,877.14,38.87,1.211,62.19,5.05,139.12,24.83
132.4,1.97,815.48,16.88,1.486,58.51,13.76,13.07,26.95
81.07,5.86,831.58,33.22,0.442,105.65,5.97,68.93,34.64
84.64,7.29,829.56,24.85,0.115,52.06,13.31,143.42,22.86
92.56,1.44,893.76,25.9,3.181,96.71,6.94,31.41,12.97
70.16,5.23,870.02,5.87,2.811,194.04,4.33,69.67,34.47
65.39,8.0,862.51,33.81,2.924,123.66,13.51,137.98,0.0
93.06,7.68,810.42,43.49,0.946,172.51,8.41,155.11,31.87
73.15,8.3,825.67,8.36,0.743,65.04,5.41,103.7,27.31
108.59,4.92,864.02,19.26,1.391,86.55,0.67,191.37,34.87
89.97,8.35,842.28,3.86,1.478,191.71,1.66,185.07,49.19
121.61,3.01,888.56,2.94,0.068,104.45,2.09,94.69,63.61
111.02,4.12,875.0,49.5,2.505,145.5,5.47,32.05,24.11
79.99,2.42,848.03,25.43,3.19,196.3,9.11,154.59,14.5
121.58,5.1,873.71,18.74,1.715,130.37,4.61,48.63,40.32
119.38,4.41,892.91,14.83,1.273,92.33,0.98,168.56,41.17
86.0,3.02,849.18,49.03,1.287,127.45,3.97,117.43,23.4
78.07,7.72,864.61,13.73,0.353,53.47,6.13,78.82,33.89
109.6,3.69,888.09,36.7,0.888,62.42,14.88,111.28,22.64
66.18,3.31,831.14,15.26,1.632,46.11,5.89,106.56,13.6
70.99,2.0,885.36,4.92,1.41,182.05,1.34,184.95,43.65
55.59,4.84,818.29,34.64,1.767,149.05,8.72,42.87,18.15
117.95,3.59,865.12,1.58,2.725,91.24,13.79,185.63,18.75
108.19,4.2,876.54,34.27,0.76,79.28,11.8,6.27,30.33
111.41,2.97,862.24,13.64,0.137,150.88,12.54,153.84,44.69
117.46,7.82,852.12,37.69,0.17,187.53,13.92,183.93,39.84
91.71,9.36,862.47,38.83,0.473,91.37,9.55,78.81,27.29
100.5,5.38,822.89,36.62,1.847,94.84,14.92,14.61,16.08
66.18,6.72,828.32,2.69,2.596,177.41,0.5,160.93,30.27
64.16,8.78,832.94,35.63,2.843,183.47,12.52,168.57,6.21
108.47,9.99,860.81,49.52,2.051,186.68,12.86,67.25,28.15
92.69,6.44,847.56,13.27,1.32,90.44,13.75,103.72,26.3
100.22,8.99,830.78,14.8,0.537,63.65,7.17,161.89,28.11
116.2,9.16,885.04,40.96,1.314,113.2,11.82,38.41,31.63
105.78,8.08,841.78,9.28,1.097,90.84,2.93,125.8,40.43
99.29,5.04,847.91,33.54,2.791,182.0,9.05,86.13,21.42
99.74,1.55,844.82,38.12,1.583,50.68,5.38,34.88,22.53
79.32,0.95,825.47,3.3,0.763,143.25,8.94,166.29,32.34
57.47,5.19,872.19,28.36,0.96,185.46,10.13,64.94,37.19
89.94,5.35,848.12,29.43,0.48,196.38,5.21,186.89,46.98
72.17,4.55,811.38,16.22,2.944,145.77,3.24,113.79,16.58
87.68,6.03,891.94,44.0,0.209,192.24,4.83,102.9,47.66
123.27,5.88,879.34,9.39,0.09,56.73,9.96,84.66,40.34
73.72,8.5,871.5,19.16,0.626,100.69,10.15,80.13,30.38
59.66,1.8,883.87,42.66,2.604,46.35,11.12,163.59,0.0
77.51,2.87,887.08,10.75,1.699,197.08,1.9,135.5,41.03
78.49,8.1,838.69,41.34,2.021,184.92,12.28,154.74,18.68
107.95,8.6,861.93,5.33,1.177,49.35,10.32,84.22,33.03
99.56,9.95,861.75,25.23,0.266,47.81,0.46,52.29,42.92
117.71,8.83,832.72,5.15,2.747,101.88,5.03,17.37,30.21
108.15,8.99,828.87,34.38,0.654,85.07,7.0,155.33,31.59
87.51,3.69,819.68,39.84,0.154,176.27,5.41,83.06,45.18
120.12,4.5,866.04,42.72,1.854,69.88,1.76,101.84,24.49
68.36,3.27,876.38,49.09,0.312,167.55,3.11,93.87,39.09
56.82,6.38,874.68,34.09,0.352,130.94,0.37,86.23,39.74
62.2,9.44,836.88,38.8,2.571,103.5,1.4,136.78,11.28
112.79,3.97,827.45,26.03,1.599,67.59,3.99,121.75,27.23
91.95,5.92,848.56,45.77,0.811,199.64,12.3,194.41,31.28
67.9,3.53,856.48,32.72,1.148,140.79,7.9,27.78,26.35
95.08,2.36,888.12,44.35,2.347,113.1,6.37,114.7,19.35
67.18,2.6,884.36,12.92,0.259,102.52,9.93,12.65,38.8
110.71,1.33,887.86,25.59,0.417,185.39,8.12,161.58,56.68
90.69,9.53,882.27,36.9,1.991,172.28,1.97,123.26,33.12
85.48,4.51,891.99,11.33,1.962,170.73,3.34,85.68,41.47
79.12,8.47,849.57,11.75,3.113,140.51,3.34,160.45,26.24
105.42,7.07,814.04,48.94,1.23,182.63,9.0,91.0,33.17
83.95,2.57,817.1,22.58,0.255,91.39,6.92,45.56,36.82
62.01,2.41,843.17,10.32,1.743,154.07,5.81,94.5,27.71
64.44,8.27,831.9,17.58,2.061,107.69,8.35,14.17,23.31
131.95,3.24,824.44,20.77,0.49,138.0,14.55,179.57,35.61
127.69,9.2,891.02,31.72,1.792,199.71,4.71,146.19,46.71
110.98,2.09,826.61,46.27,0.673,197.6,7.8,152.06,40.21
76.27,7.03,891.55,49.35,2.711,124.46,7.21,174.9,6.54
132.53,8.29,874.67,33.11,2.681,133.95,10.75,158.31,17.82
117.3,2.96,864.48,35.45,1.403,184.08,10.95,86.37,41.53
112.35,3.34,867.46,17.11,3.095,197.77,10.94,23.73,29.9
90.95,9.67,838.18,43.07,3.136,165.68,3.02,74.67,16.22
76.78,3.23,864.95,12.06,0.457,55.1,6.74,186.82,31.8
62.71,4.76,825.87,6.66,1.208,95.01,12.17,189.82,15.83
127.21,4.78,889.7,48.7,1.941,183.97,5.72,153.57,36.68
91.46,3.13,835.65,43.41,0.317,164.09,14.76,40.89,36.27
71.19,7.94,831.69,16.23,1.255,160.05,5.47,38.89,39.16
79.48,7.9,870.45,34.25,0.873,148.53,7.47,175.95,25.67
101.34,4.28,865.8,24.15,3.049,109.37,7.12,28.38,20.82
69.14,8.48,848.36,17.17,1.346,107.5,6.5,116.83,25.89
123.53,2.76,863.76,15.41,2.452,170.38,12.68,75.65,31.07
115.68,0.84,823.56,8.1,1.268,90.54,2.33,60.4,42.8
112.56,6.05,867.23,28.14,0.465,151.15,8.51,135.48,40.63
89.57,9.95,833.0,23.16,2.769,157.56,9.28,191.91,15.62
105.18,1.16,833.19,26.34,0.051,175.91,12.77,155.53,40.1
101.73,2.71,823.79,11.94,0.226,94.58,9.14,97.23,39.69
106.99,5.57,838.25,47.02,1.198,159.99,14.4,88.14,26.7
61.76,8.25,838.16,32.47,2.214,61.51,13.08,181.53,0.0
88.26,1.62,848.61,45.13,1.126,66.4,5.23,115.62,18.69
58.33,4.44,826.19,6.8,0.259,109.69,12.9,99.33,33.48
94.52,7.67,826.41,31.71,1.051,53.56,14.38,136.57,15.27
81.39,4.22,856.05,42.7,0.822,191.89,3.86,47.43,42.65
66.56,2.54,820.95,17.55,0.067,184.79,9.15,12.75,44.78
63.27,2.6,868.56,10.96,1.735,52.58,4.23,171.02,13.5
102.01,4.57,890.24,14.35,0.417,174.94,9.74,121.45,50.79
68.65,5.21,846.28,14.74,0.956,123.88,1.4,32.98,39.58
129.01,8.73,886.59,23.19,2.07,153.8,11.01,59.61,39.02
101.48,6.71,818.36,17.31,2.334,182.47,6.3,197.99,27.37
82.75,7.15,813.65,14.66,0.88,134.43,8.81,126.88,30.85
102.27,9.84,871.32,32.95,1.087,63.03,0.39,127.22,33.75
56.82,4.59,874.69,4.07,0.828,45.4,10.43,14.43,23.34
131.68,4.51,881.66,18.01,3.064,122.02,7.44,193.8,22.82
93.58,9.29,814.83,34.95,0.65,192.13,9.38,178.56,39.32
117.62,3.06,876.04,10.03,0.627,133.76,4.74,109.56,52.97
61.62,7.51,842.01,12.22,1.452,102.81,2.19,61.88,31.2
93.93,7.74,835.78,11.23,0.646,49.79,6.53,139.61,31.36
94.26,1.7,824.71,1.54,0.544,186.82,14.16,166.67,38.16
130.03,5.11,894.66,24.48,0.352,95.71,3.42,157.22,50.49
100.74,2.65,815.41,3.39,2.067,154.24,10.14,195.41,27.81
92.88,2.51,880.3,14.74,1.978,152.61,0.75,127.37,41.65
76.36,5.07,864.36,49.75,2.098,84.35,10.77,64.25,8.19
81.53,3.46,872.48,46.04,2.486,54.89,3.58,99.59,7.73
96.65,8.12,870.5,11.93,1.078,104.68,6.77,163.26,37.38
90.11,9.15,882.97,16.54,2.943,94.16,5.52,53.07,18.67
56.73,8.19,825.62,23.99,2.36,153.54,1.69,46.28,25.46
121.1,3.25,810.07,42.45,2.585,172.07,5.18,144.97,24.76
126.69,3.32,860.87,40.43,2.321,79.48,5.25,88.89,23.67
66.22,3.14,840.08,7.62,1.179,126.88,7.83,163.31,27.61
99.32,2.04,820.52,7.54,0.942,51.29,14.59,28.74,29.39
63.69,9.48,825.82,21.71,1.381,78.21,7.05,67.14,24.84
108.78,4.5,838.2,43.7,0.356,163.07,13.72,53.62,40.35
77.5,2.87,815.97,44.28,1.472,167.98,6.92,139.57,27.93
107.75,8.59,814.84,6.71,0.186,165.34,1.61,151.87,54.57
113.16,4.47,887.86,29.35,0.062,67.07,3.45,91.2,42.17
116.49,1.12,836.53,9.05,2.984,130.41,6.11,95.61,26.14
63.62,2.29,893.49,34.78,2.221,110.52,4.88,26.41,19.85
128.28,6.68,891.97,45.95,1.82,198.68,12.99,140.37,32.07
73.42,8.0,822.12,23.56,1.124,146.38,10.18,198.46,19.74
57.99,2.74,870.77,5.53,1.847,189.96,8.67,155.58,32.98
99.39,9.24,861.07,29.59,2.858,67.53,7.37,44.62,17.72
84.67,8.63,868.71,21.31,2.105,114.89,5.96,124.62,26.67
121.38,8.61,818.18,40.83,1.948,164.6,9.18,58.99,33.3
119.66,2.89,826.03,18.01,1.5,102.02,1.87,6.04,43.84
80.37,1.26,816.51,43.93,1.139,143.04,2.44,35.96,31.72
131.23,8.78,861.35,14.77,2.25,124.31,4.55,20.52,40.91
78.27,3.61,893.86,9.14,3.14,198.75,2.57,39.19,40.2
96.2,6.49,867.12,16.36,1.388,71.95,10.16,159.12,21.66
75.48,7.79,870.41,3.19,1.285,189.98,0.37,58.57,51.8
129.88,1.98,893.69,15.14,1.399,107.24,2.4,151.41,47.71
68.17,7.98,867.63,33.52,1.39,117.54,13.54,189.77,15.49
58.59,9.43,813.42,8.4,3.17,126.93,14.96,114.85,0.0
89.81,7.5,883.7,6.9,2.276,86.13,7.31,97.08,22.97
134.39,4.86,841.0,7.92,1.181,194.37,7.43,150.03,51.98
126.33,8.87,810.37,5.26,1.22,186.28,11.6,19.42,50.07
114.89,5.65,853.11,43.92,1.407,195.8,0.54,85.64,50.43
126.26,7.65,889.65,47.29,0.166,199.52,6.41,99.76,54.31
126.48,8.35,831.87,3.76,1.713,148.82,1.5,166.21,49.84
96.51,7.69,851.78,38.36,2.606,115.01,6.01,162.84,14.37
80.27,3.45,824.77,37.25,2.131,176.86,14.76,169.65,17.98
116.76,1.88,814.9,49.85,0.675,48.69,11.3,139.57,19.14
107.93,2.99,816.85,18.37,2.343,174.33,14.78,106.11,23.08
84.89,5.43,871.8,15.35,2.316,122.08,11.19,165.58,18.31
62.56,5.45,883.45,23.47,0.877,149.35,9.12,174.66,28.55
114.74,6.16,822.18,43.04,2.012,102.98,11.31,96.1,11.77
76.0,4.43,834.51,36.84,1.974,102.14,9.89,197.13,7.26
129.95,8.04,826.58,24.37,2.695,49.92,6.96,174.96,12.65
74.28,9.2,812.28,13.36,0.479,110.69,4.39,102.09,34.13
64.82,3.07,857.04,36.76,0.664,108.29,7.8,13.86,29.24
121.49,7.58,869.49,42.94,1.581,79.84,3.88,44.9,26.28
67.26,7.04,865.07,20.9,0.189,83.34,7.3,155.28,30.1
69.34,5.61,842.98,33.93,1.359,135.54,2.19,22.23,33.89
102.95,2.53,857.18,20.91,2.533,94.25,8.48,93.96,18.97
124.96,8.12,818.0,24.71,0.518,173.69,3.68,120.97,53.18
70.71,9.64,823.12,26.96,1.499,62.26,4.4,175.67,14.91
79.83,7.44,889.2,39.12,3.168,134.53,7.49,169.42,5.46
117.19,9.24,874.73,48.91,1.644,69.81,2.44,152.86,24.49
132.75,9.85,888.43,23.05,1.62,126.88,14.44,81.54,33.25
95.06,4.04,887.92,18.1,1.81,130.64,6.7,28.45,33.23
66.51,6.67,865.2,19.62,0.636,144.56,5.28,133.93,38.62
56.11,5.16,888.9,7.99,0.514,111.25,0.44,36.26,46.83
73.37,9.88,845.42,15.9,2.184,123.97,12.65,112.26,14.48
65.55,1.66,810.31,5.69,1.297,73.05,9.39,196.14,22.37
109.21,4.59,815.32,22.25,0.963,116.77,6.25,110.06,36.94
64.75,8.85,819.31,9.62,0.149,102.82,3.68,129.11,38.53
95.51,3.41,818.11,18.3,2.715,148.25,11.18,135.52,15.47
110.54,8.05,839.89,39.99,0.152,112.4,14.18,166.08,27.59
101.49,4.32,869.61,13.43,2.412,165.8,5.71,87.0,36.61
70.98,9.82,877.21,31.18,1.253,111.03,2.02,99.5,29.32
119.33,8.93,860.17,45.21,1.936,81.54,1.64,35.19,28.15
112.23,3.57,822.45,29.0,0.83,87.42,0.1,122.94,38.77
114.12,7.89,873.57,10.9,0.54,52.02,11.16,59.15,34.24
65.48,3.9,840.16,18.22,1.73,128.69,14.72,101.52,10.94
64.9,6.38,811.1,30.13,2.241,173.79,14.89,153.31,8.0
129.21,6.86,833.85,26.07,0.666,164.21,11.76,3.51,50.91
86.81,8.43,838.1,8.71,1.425,112.86,2.43,112.78,36.98
79.08,1.02,833.31,23.17,1.451,75.4,14.67,34.69,18.95
94.09,2.83,879.01,27.84,0.73,178.84,4.92,55.88,51.37
108.03,7.35,874.59,14.47,1.83,53.8,5.0,6.94,32.55
131.45,5.98,869.12,31.2,0.51,106.88,10.31,33.89,48.67
77.92,5.36,821.82,4.9,1.656,177.78,0.74,197.33,39.27
128.98,1.31,878.67,17.83,0.407,105.94,12.39,199.7,39.74
56.99,4.0,867.56,40.51,1.579,63.27,14.96,143.97,0.0
99.42,8.76,826.56,14.08,1.032,86.22,11.63,122.37,30.81
105.72,1.08,865.09,30.85,1.475,138.0,11.73,155.4,26.67
63.47,4.45,851.1,21.39,1.416,68.57,5.85,179.31,14.73
66.23,9.5,847.34,16.85,2.91,146.51,0.99,103.86,23.82
88.53,1.27,819.53,45.93,1.593,112.92,11.89,7.06,15.7
132.3,7.7,854.06,18.15,2.628,96.83,8.96,141.88,24.12
102.68,3.17,818.49,12.98,0.761,82.34,13.64,196.92,25.48
129.64,8.77,823.96,45.6,1.159,172.62,1.74,51.61,47.9
119.35,7.66,821.27,37.68,0.287,106.48,4.58,92.69,44.53
92.39,8.95,891.1,34.57,1.375,159.46,5.41,72.25,34.28
117.78,2.79,834.21,3.9,2.156,113.26,10.25,78.09,30.75
56.43,5.69,840.19,7.86,2.69,59.24,11.82,144.28,0.0
63.73,7.97,837.38,32.46,1.833,113.28,14.42,75.68,16.36
121.35,3.06,886.35,11.66,2.066,123.69,4.43,188.22,36.16
118.75,2.92,857.85,12.44,0.608,115.97,7.4,157.93,42.84
73.61,1.05,888.13,39.29,0.167,171.52,0.43,5.53,50.13
97.46,9.62,835.49,15.37,2.544,186.18,3.79,163.71,35.46
103.48,7.33,819.76,4.97,0.576,166.95,5.61,154.57,49.33
124.42,6.65,857.28,3.27,0.337,135.33,8.91,103.3,51.77
103.25,7.64,839.37,22.99,3.003,128.92,7.06,99.36,19.54
88.01,5.69,878.16,31.43,3.085,144.92,5.47,167.11,16.9
84.93,5.18,884.75,43.64,1.991,89.61,9.36,84.96,15.3
89.07,4.94,850.17,6.87,1.243,170.84,12.43,31.89,39.65
107.15,6.69,892.57,11.04,2.675,177.81,3.63,62.58,40.69
124.4,2.65,857.01,27.2,0.695,86.42,5.14,53.04,44.01
91.31,8.97,833.03,19.16,1.403,184.94,10.57,136.21,34.82
74.83,8.27,851.56,24.9,1.175,176.55,11.67,35.77,34.63
73.93,4.02,813.17,46.32,2.925,110.8,12.38,128.95,0.0
114.68,6.12,878.34,27.93,2.947,185.9,3.14,93.19,34.42
120.33,2.1,818.62,21.63,2.1,63.67,8.09,167.93,15.98
63.42,9.75,836.24,49.49,0.399,49.34,13.5,97.0,9.41
60.32,9.11,858.05,4.66,1.569,98.92,5.88,185.96,24.77
102.55,9.28,813.65,46.71,0.823,132.64,6.45,180.09,24.8
66.69,3.86,816.74,25.83,2.837,99.47,14.77,37.06,0.0
120.97,2.36,869.17,25.93,0.486,191.02,1.7,137.23,61.94
79.83,2.75,816.1,46.22,0.221,84.48,10.58,42.92,28.72
66.51,1.63,850.55,26.11,2.269,88.59,12.75,164.66,0.0
128.68,1.91,838.79,22.76,1.478,143.4,2.26,127.14,45.12
68.24,1.46,829.39,14.72,2.691,45.6,10.72,58.82,1.56
77.78,9.91,826.05,33.45,0.285,157.77,7.05,49.82,40.42
67.29,1.48,874.89,29.13,2.573,103.51,12.79,85.92,6.63
64.24,2.02,890.88,11.9,0.168,196.55,13.61,160.14,38.66
56.69,8.41,821.92,35.91,0.138,152.17,13.09,159.23,22.42
59.43,6.14,891.57,32.74,1.503,53.09,0.97,6.68,23.0
68.97,7.92,860.55,20.77,0.747,59.36,11.35,60.46,21.71
59.27,6.6,864.54,1.71,1.92,58.67,13.82,84.57,7.74
102.29,8.92,870.34,23.16,0.131,192.66,9.32,117.12,54.34
109.46,6.67,869.85,1.79,0.161,151.03,9.01,29.91,56.99
86.49,5.6,879.68,5.14,2.341,111.28,0.68,67.06,33.3
80.44,7.36,851.09,22.38,0.712,76.07,12.84,177.12,20.58
95.36,4.92,855.34,5.47,2.118,180.41,0.7,95.31,44.62
125.0,3.98,837.53,14.87,2.412,76.24,4.7,148.83,27.15
123.09,5.1,818.95,33.29,0.237,154.54,13.89,96.96,39.03
58.48,2.36,866.49,16.47,2.475,163.32,14.25,93.0,10.39
69.52,8.13,812.86,49.89,0.896,90.67,14.88,124.39,7.1
73.94,3.2,833.43,45.94,1.277,123.26,7.15,51.87,23.15
74.95,2.21,818.01,29.89,0.323,79.56,2.66,49.96,32.24
100.7,3.07,826.21,48.4,2.692,103.73,7.32,197.87,2.36
88.3,8.55,864.29,43.6,1.816,194.6,1.53,173.8,34.26
58.94,3.84,863.42,16.97,1.64,152.44,13.09,147.55,17.4
84.89,7.11,845.79,37.86,3.101,176.23,8.41,27.43,13.81
96.9,8.68,817.66,8.14,1.104,128.79,6.07,6.04,45.65
63.13,1.52,846.84,34.7,2.856,82.05,1.19,35.08,9.73
121.68,7.84,839.98,25.32,2.317,155.5,6.08,187.55,32.54
59.16,3.63,871.24,2.32,2.975,122.59,12.99,163.26,6.82
128.99,2.79,859.22,14.8,2.91,72.41,10.55,104.62,17.88
62.93,7.14,851.78,47.84,3.172,108.93,1.24,193.76,1.4
122.49,9.17,851.39,16.82,0.465,143.4,2.4,29.32,52.56
127.21,3.51,892.14,10.3,2.557,158.98,5.88,111.83,36.26
133.37,6.03,874.29,10.6,2.584,82.7,1.52,36.64,36.81
119.16,3.47,852.24,24.74,2.08,180.78,14.01,61.29,32.66
117.36,5.9,850.73,42.37,0.928,103.83,9.78,188.03,22.38
106.4,6.52,812.25,38.26,3.09,87.03,1.42,173.66,10.59
117.32,6.42,890.11,22.69,0.694,75.24,11.82,20.36,34.5
65.76,6.54,837.13,11.62,1.624,169.65,5.53,49.91,36.18
97.89,2.04,831.75,3.73,1.693,99.9,3.67,118.9,34.11
96.14,7.18,894.95,23.94,0.56,119.93,8.55,12.27,45.4
123.61,7.01,871.09,41.02,2.326,79.54,0.2,110.02,29.52
92.02,7.08,814.03,36.89,0.33,151.34,6.98,116.9,39.92
85.81,1.48,815.26,21.32,2.233,166.06,12.66,58.19,23.91
106.17,4.91,812.17,30.34,2.723,97.61,13.92,58.62,7.72
76.32,4.56,860.97,22.66,1.151,191.49,5.14,45.82,51.0
66.18,1.6,816.08,29.58,2.285,49.74,9.64,187.14,0.0
93.23,2.85,889.34,26.6,0.544,65.61,3.4,77.77,36.69
88.35,4.86,889.64,34.53,2.715,136.26,8.4,117.05,18.47
73.61,7.63,856.41,26.12,3.049,153.72,3.81,60.31,21.97
84.4,2.98,862.41,47.12,0.531,83.86,8.57,140.53,24.49
84.31,8.43,834.81,22.26,2.229,130.88,2.58,20.29,31.91
81.2,5.82,815.44,2.27,1.643,94.35,14.12,14.33,17.31
85.36,7.8,872.68,12.96,1.724,130.88,13.3,148.86,26.77
109.86,5.15,818.65,25.78,2.275,147.2,5.05,145.33,27.49
78.75,5.39,817.27,27.72,1.59,195.79,11.65,53.0,32.93
130.91,6.5,836.45,28.29,1.941,115.63,1.43,71.01,33.76
128.31,9.34,811.06,36.16,0.777,145.47,11.11,191.45,34.92
93.47,5.32,846.89,14.82,1.242,134.6,4.24,20.87,41.52
81.27,5.66,870.15,33.75,2.776,94.22,2.03,36.63,19.52
97.83,6.34,878.11,35.65,0.396,84.22,10.17,86.01,32.77
122.88,7.59,861.37,21.45,1.932,198.12,7.05,56.42,46.37
107.21,1.46,881.98,21.01,0.631,77.06,7.95,129.8,33.21
119.35,5.54,844.55,10.18,2.717,167.49,7.81,138.12,31.32
97.62,5.23,882.15,21.58,1.874,67.72,0.89,105.28,28.87
105.63,9.28,853.05,39.66,1.32,169.67,0.77,122.24,43.78
78.05,5.34,828.96,45.59,0.837,73.79,9.02,86.68,20.55
113.79,5.11,890.25,30.29,1.426,194.91,9.36,152.08,40.83
71.19,9.65,833.37,16.02,3.066,151.33,0.71,8.42,23.05
110.58,4.95,812.23,34.59,1.654,58.97,5.68,62.58,22.7
123.86,2.46,830.63,37.4,1.529,152.44,9.19,136.89,38.51
65.57,2.8,841.17,17.61,2.401,138.56,9.85,65.93,21.37
104.15,1.68,839.86,41.59,1.244,97.32,12.42,15.71,16.33
62.61,0.81,854.6,5.07,1.396,85.41,6.31,69.0,27.35
113.06,4.77,885.07,2.02,1.111,156.41,8.22,142.3,49.9
61.76,7.88,834.85,7.46,0.525,159.91,8.68,24.4,42.03
129.88,7.55,854.27,9.07,2.298,95.72,4.68,144.93,31.23
65.99,1.1,838.91,44.13,2.8,180.82,0.81,155.09,17.22
131.71,6.04,879.85,22.11,2.903,86.67,0.06,127.06,30.67
119.07,2.22,823.4,14.83,2.825,55.83,12.54,48.85,8.99
102.49,9.46,818.8,22.31,1.473,137.98,3.0,161.06,38.38
117.61,2.34,852.75,20.65,0.945,61.6,9.45,42.89,33.48
118.61,6.57,867.11,16.12,2.059,87.88,8.66,181.16,21.66
130.68,3.8,877.62,8.19,3.057,123.61,5.99,141.33,31.9
75.27,6.7,860.12,33.31,2.34,89.39,12.5,10.94,5.54
102.21,4.59,875.78,8.13,1.609,78.32,10.48,159.86,23.56
62.6,7.79,843.38,39.11,2.22,153.99,0.34,101.29,22.04
104.29,2.92,812.79,11.28,2.483,129.78,11.65,90.53,26.6
68.7,9.13,819.87,36.97,2.946,175.16,7.6,84.1,11.07
100.2,5.4,813.29,40.57,2.454,135.09,5.21,121.33,13.6
100.79,7.76,837.96,7.58,1.415,119.93,10.9,144.92,28.83
92.28,8.62,852.12,5.71,0.912,85.49,10.29,179.2,30.38
96.81,9.99,840.29,47.55,1.625,167.77,4.66,54.59,35.0
116.11,2.86,857.65,23.96,1.084,75.52,14.75,126.16,29.64
118.94,3.44,850.85,32.07,3.02,82.55,9.73,137.27,13.07
94.37,3.1,867.63,2.63,1.65,175.45,9.09,134.96,39.59
102.97,3.22,866.69,15.02,1.537,159.88,1.05,98.6,44.61
129.5,6.16,837.04,26.01,1.147,140.0,4.19,78.2,50.66
64.58,9.94,839.43,44.48,2.064,51.03,6.7,152.48,0.32
64.37,9.91,859.74,14.66,1.688,64.72,9.46,60.0,14.94
62.02,5.65,860.7,39.1,0.457,122.49,7.69,41.61,30.12
107.63,6.68,836.75,33.62,2.788,160.68,11.45,109.17,14.39
88.49,8.71,838.08,7.09,1.181,116.94,3.94,53.52,39.7
116.95,9.38,868.99,15.73,1.413,47.68,10.53,6.65,29.09
108.7,2.68,865.03,13.04,0.698,73.56,12.25,10.32,38.36
81.69,5.66,821.48,22.96,1.793,136.26,11.48,139.0,18.11
126.87,8.46,847.49,32.31,2.261,152.6,11.56,194.63,19.89
116.0,3.59,885.88,22.52,2.826,50.18,13.33,90.94,4.85
76.64,4.85,813.09,13.36,0.213,51.72,1.26,29.41,40.41
84.14,9.87,882.69,35.25,3.116,85.5,10.46,163.62,0.39
80.16,9.86,823.87,29.85,2.267,57.94,14.53,52.29,0.98
67.61,9.14,853.12,26.69,0.946,129.0,8.6,199.13,23.22
66.82,8.15,846.07,28.39,0.694,64.17,3.26,112.65,27.65
129.89,3.28,810.86,12.26,0.983,145.47,14.98,46.53,44.37
90.03,3.75,887.81,34.5,2.809,165.47,2.62,99.2,24.54
85.67,5.84,848.67,20.29,0.968,195.43,5.03,67.08,47.78
113.37,5.96,891.11,19.13,1.508,192.0,2.58,155.89,52.07
99.24,5.45,834.37,8.76,2.273,87.37,6.97,21.16,24.38
129.89,6.66,883.63,30.45,2.797,49.56,6.28,171.4,14.27
117.42,4.56,888.4,30.73,2.124,96.06,7.37,153.47,23.59
93.35,7.69,857.33,18.0,2.422,154.81,13.92,172.27,13.97
85.11,3.87,827.23,43.2,0.596,54.27,7.17,179.0,18.72
133.93,3.84,868.25,42.5,2.814,100.76,7.72,45.96,21.06
112.42,1.97,856.66,6.79,0.919,91.2,13.3,104.2,35.35
131.1,2.54,890.29,35.21,0.454,79.0,12.27,169.98,30.16
64.48,8.62,847.34,20.6,3.125,154.45,3.6,75.48,18.19
123.04,4.91,832.82,49.99,0.685,147.16,0.19,12.08,54.06
105.97,2.9,821.75,12.41,0.48,128.0,9.44,58.33,49.44
64.75,7.79,869.38,15.11,2.022,186.17,12.67,48.38,29.77
102.06,5.9,892.8,22.94,1.054,60.99,8.29,174.01,23.53
109.89,0.99,812.41,14.53,0.47,68.2,3.17,92.77,43.03
55.98,3.71,872.94,35.06,1.944,104.43,11.12,136.71,6.32
91.35,2.43,888.79,24.82,2.441,146.66,10.04,192.42,19.4
121.03,6.83,816.36,12.21,2.549,135.53,8.48,59.84,27.76
78.63,3.33,819.36,26.06,0.54,56.48,12.95,152.24,12.53
91.68,1.4,868.82,44.61,1.804,193.56,11.76,4.55,29.13
90.39,1.31,865.08,39.93,2.613,92.29,10.02,20.82,13.05
79.15,6.15,815.85,25.69,0.557,100.64,9.97,32.37,31.23
128.48,1.0,880.93,15.49,0.704,141.66,9.93,62.48,51.25
117.5,8.61,854.49,10.22,0.058,191.5,7.88,80.6,62.68
63.85,2.23,887.11,44.1,1.703,147.72,6.96,95.4,22.59
134.76,6.38,884.63,35.94,0.663,192.99,10.64,49.07,54.23
125.34,4.89,879.06,29.25,2.331,74.08,9.16,13.24,23.5
77.71,4.87,853.85,44.15,3.081,140.92,7.35,135.5,7.15
121.95,1.46,831.4,7.4,0.708,173.48,1.9,4.73,68.21
63.51,8.19,853.01,34.6,2.095,123.9,10.53,161.89,9.41
134.93,9.02,818.57,12.01,0.717,101.14,9.69,185.83,39.57
108.25,0.9,866.0,7.35,0.107,197.64,5.13,142.07,62.63
107.01,2.44,821.39,24.08,2.439,66.85,5.34,119.19,16.16
62.24,9.12,853.45,20.29,1.417,108.69,3.7,131.4,24.91
126.76,5.86,814.62,47.15,3.032,180.37,14.43,130.44,13.46
57.32,2.18,835.46,17.21,1.733,184.57,12.9,186.34,18.15
74.27,2.67,829.73,41.02,0.546,196.96,8.42,192.86,33.39
66.44,6.87,862.7,37.82,1.467,182.15,6.02,85.34,28.86
117.14,7.47,876.88,33.89,0.689,52.9,11.05,123.42,27.6
70.86,6.31,814.87,46.14,2.816,189.11,7.92,160.56,11.55
127.85,9.57,882.27,21.28,2.226,111.37,14.64,0.21,26.94
107.5,5.35,883.17,20.4,1.125,146.0,0.83,105.4,44.21
57.89,3.56,839.09,9.31,1.713,106.11,0.51,130.58,29.27
55.43,5.19,866.02,14.87,2.159,171.12,8.53,143.44,22.22
59.13,4.11,844.22,44.17,2.516,134.27,3.05,73.76,11.59
103.47,2.86,823.11,24.51,0.302,176.06,9.06,59.13,50.64
119.12,1.22,854.94,18.06,0.121,75.03,11.72,36.43,38.63
74.08,4.04,817.34,11.98,0.411,73.67,2.07,111.56,39.33
122.95,7.34,884.67,25.02,1.294,113.26,6.61,183.86,35.91
59.58,0.97,888.56,36.26,1.52,45.74,10.33,179.2,0.0
119.08,4.84,879.84,15.4,0.48,152.39,12.51,71.99,48.91
129.22,6.72,857.81,38.25,1.345,90.89,7.45,51.57,32.35
116.77,6.42,857.4,32.04,1.441,131.38,3.09,157.76,35.84
110.85,7.95,893.69,39.7,0.394,55.85,8.79,145.0,28.14
122.04,8.26,831.07,13.67,2.937,71.45,6.82,101.07,18.07
58.21,7.35,816.46,32.1,1.937,141.54,11.58,77.81,11.54
71.14,1.75,857.76,8.96,1.274,92.38,8.33,24.76,25.11
64.99,5.17,837.95,19.14,1.647,78.28,4.19,157.03,21.63
95.36,6.35,837.4,36.63,1.04,80.47,11.32,123.49,19.15
114.62,3.06,810.6,32.14,2.741,78.3,7.77,75.38,11.47
105.4,1.19,860.68,10.61,1.861,141.54,2.66,183.76,34.84
123.09,2.86,832.44,43.13,1.609,70.99,8.45,131.93,21.9
67.42,4.99,825.97,4.09,2.919,101.22,14.22,185.85,0.0
113.77,4.61,813.44,30.37,2.69,151.62,10.58,94.88,20.23
70.44,2.43,840.97,49.22,2.61,124.62,4.48,90.92,9.11
76.66,8.38,884.71,27.28,0.761,137.58,10.66,187.45,27.55
111.79,9.32,838.62,40.33,0.532,83.89,4.24,191.96,29.95
133.42,2.65,867.72,30.37,2.224,189.57,8.14,192.15,33.53
103.92,9.35,874.31,39.48,1.526,109.15,7.9,163.78,23.97
59.36,0.96,837.89,33.3,2.204,89.48,3.71,92.48,13.1
104.3,9.31,879.84,35.02,2.446,185.17,5.22,42.06,32.55
58.39,9.56,868.81,12.55,0.98,146.57,14.13,76.69,27.64
125.73,0.91,857.54,37.48,0.947,140.16,3.76,187.66,43.82
111.77,7.82,810.08,13.04,1.596,182.44,12.02,72.71,33.68
68.85,9.73,812.98,49.06,0.912,54.07,10.01,151.34,7.32
62.34,9.13,894.22,12.55,2.152,174.84,7.99,184.6,22.62
69.68,9.73,876.49,12.98,2.402,150.07,2.06,194.08,23.51
133.4,5.86,889.69,43.15,1.537,100.8,3.07,189.53,33.92
91.68,1.52,886.7,13.28,2.33,84.73,2.68,111.01,24.88
117.73,8.62,811.74,19.0,1.658,61.24,8.8,98.38,20.69
105.91,6.45,877.31,36.16,2.296,190.87,14.6,197.53,23.37
100.79,6.46,848.35,9.2,0.759,67.0,13.16,43.64,33.57
66.61,4.64,877.11,9.21,2.377,85.21,0.38,37.51,21.64
130.68,6.06,810.57,25.09,2.303,152.12,4.11,192.64,28.22
79.11,2.21,834.5,13.32,0.89,155.07,2.36,137.84,44.45
101.24,7.61,873.86,12.93,1.801,69.92,14.64,107.26,17.19
110.98,1.49,877.41,1.95,2.744,171.19,3.53,26.41,46.7
106.94,7.51,862.68,19.47,0.836,124.09,3.02,102.65,47.48
130.25,8.61,835.61,16.94,2.368,176.51,9.31,188.84,33.06
66.88,5.15,836.38,3.01,3.055,58.53,8.34,120.58,1.69
95.67,5.49,892.17,31.63,2.779,51.64,3.39,80.93,15.35
87.32,3.67,847.33,31.89,1.315,143.73,10.06,110.22,24.15
92.93,9.72,848.01,4.93,1.963,68.25,1.46,177.23,30.23
64.54,7.54,856.95,16.88,3.174,126.37,0.29,182.57,16.0
65.73,4.19,844.81,43.83,1.841,47.19,1.24,80.02,10.42
77.25,2.41,856.98,29.74,0.412,165.89,5.47,121.61,44.26
79.38,2.82,846.75,21.48,0.193,184.43,14.63,55.84,47.18
89.23,5.07,880.27,24.06,2.539,175.03,8.21,90.22,26.32
103.88,9.47,887.27,11.6,1.384,193.54,11.32,43.98,47.11
105.77,7.55,889.23,40.88,0.827,184.98,4.82,106.29,45.81
87.94,2.78,857.97,45.83,1.145,113.82,10.79,115.65,21.02
87.7,8.71,847.58,45.67,2.436,106.74,14.49,67.57,1.18
72.41,4.28,869.95,12.36,1.516,183.91,5.37,54.42,41.37
102.06,8.64,881.26,16.57,2.786,188.68,14.99,30.21,26.33
80.36,3.02,857.85,9.29,2.365,195.79,9.58,27.91,37.77
57.88,6.49,869.5,16.4,3.118,164.09,11.23,142.29,4.77
88.47,9.33,873.73,17.64,2.849,76.31,3.78,44.33,18.4
92.93,3.17,867.49,32.21,0.852,191.47,9.65,23.6,47.24
73.05,7.17,873.42,10.7,2.126,191.81,7.67,199.77,28.43
100.8,9.88,827.73,46.09,0.115,148.25,14.35,51.98,34.52
100.26,2.19,852.36,6.5,3.172,177.88,13.57,179.21,15.64
111.16,1.61,860.0,1.83,0.872,131.98,5.95,121.84,46.03
106.84,7.0,810.21,42.96,2.144,191.34,14.2,143.01,14.55
107.19,3.93,882.76,35.63,2.725,59.56,13.27,112.18,2.91
80.3,1.46,861.85,18.73,0.555,178.91,8.86,36.16,43.8
117.99,5.17,820.98,30.38,2.721,53.6,1.23,169.41,15.76
98.93,7.73,879.39,12.34,0.089,97.56,2.41,165.59,46.84
89.51,3.42,870.95,9.67,1.442,65.98,1.15,69.94,34.11
105.08,3.88,874.46,24.35,1.537,119.27,1.62,152.77,35.87
83.85,8.58,843.32,18.63,1.228,81.0,14.65,108.61,17.64
96.02,5.58,882.61,31.34,1.897,192.57,3.18,181.81,35.37
113.94,8.55,845.19,12.08,2.932,131.69,10.36,160.56,16.71
125.91,4.91,858.49,33.65,1.08,184.15,9.55,8.2,48.24
128.68,9.57,810.05,38.69,1.875,88.1,9.47,175.86,20.81
95.29,6.79,864.81,9.58,2.814,49.03,3.1,193.71,14.29
96.62,1.87,871.04,3.63,2.485,165.23,8.69,148.43,28.62
118.99,8.94,858.2,22.82,0.178,153.87,9.38,23.98,53.39
80.16,5.3,852.21,39.04,3.02,129.55,8.56,161.48,0.44
121.99,2.1,878.84,33.06,0.197,171.38,2.79,129.5,57.3
94.53,2.2,867.92,35.54,1.905,175.21,10.85,67.77,27.25
64.27,7.13,833.64,21.04,1.862,136.13,1.1,176.81,23.29
60.76,1.24,891.52,12.89,2.527,194.72,8.87,113.11,23.45
122.36,3.44,870.12,27.29,0.518,156.56,6.54,170.59,47.14
59.45,2.09,893.97,11.41,0.615,149.92,3.75,134.02,45.19
77.45,4.86,892.56,36.72,2.419,101.02,12.11,57.7,12.61
81.73,4.61,888.11,11.05,0.521,45.35,2.64,195.0,31.19
68.84,5.6,874.21,15.63,1.529,82.35,13.99,114.2,13.37
80.11,3.37,861.8,26.07,2.355,163.41,13.27,103.35,16.3
114.42,1.09,824.63,25.11,2.101,155.03,5.41,80.7,36.38
56.17,6.45,856.18,30.64,0.713,96.31,4.58,27.27,30.54
121.17,4.24,875.06,22.72,1.007,141.97,2.06,137.24,49.38
123.52,6.79,854.27,46.09,3.102,75.27,13.74,86.16,4.04
84.78,1.8,883.8,42.24,1.463,85.86,9.41,186.92,12.92
67.29,0.93,819.32,44.14,0.19,191.85,0.48,193.02,45.68
103.07,3.08,842.38,32.03,0.742,109.04,7.66,153.53,32.35
64.57,5.0,853.01,32.3,1.129,82.97,1.29,48.5,26.35
84.19,4.43,846.75,31.05,3.198,120.5,8.61,143.2,5.65
131.67,8.25,819.23,22.59,1.003,104.99,7.63,4.08,46.21
134.64,4.28,823.05,17.12,0.133,158.08,1.24,165.28,60.19
116.77,5.68,881.2,30.21,1.666,194.13,12.24,98.72,39.64
79.88,6.26,851.17,2.74,0.313,136.72,3.93,187.35,44.75
110.01,1.0,814.14,1.86,0.913,136.63,8.12,75.55,43.57
111.43,5.54,811.4,42.8,3.176,101.55,9.59,52.63,9.1
86.03,3.97,850.25,3.75,2.27,132.52,14.43,199.01,14.0
106.27,4.68,823.97,26.95,0.21,94.5,7.41,106.14,40.96
55.86,1.72,869.94,31.33,1.463,45.17,13.76,172.64,1.79
71.72,8.0,877.6,11.11,0.591,179.24,5.32,182.21,42.88
97.01,9.47,829.41,44.94,0.437,111.56,12.86,103.69,26.07
68.1,1.0,860.34,10.72,1.899,121.27,3.54,91.14,27.78
68.27,6.33,823.13,44.4,1.643,57.94,10.61,110.58,4.42
121.9,7.83,835.8,38.51,2.39,174.75,1.33,169.55,38.29
134.13,3.42,885.55,13.18,2.861,71.4,14.79,192.93,11.26
99.48,8.05,856.25,8.81,0.827,108.65,14.31,65.66,35.44
122.13,6.62,885.3,16.84,2.957,175.24,6.63,147.73,31.93
134.23,9.35,829.15,20.8,1.682,115.96,7.86,57.07,37.36
66.33,9.83,838.05,13.42,0.865,189.33,8.97,122.19,37.94
90.86,1.19,850.03,49.95,2.714,77.44,4.13,160.96,3.64
86.41,4.89,850.81,12.64,0.162,155.86,10.12,177.3,43.32
61.4,5.83,894.8,41.79,1.812,196.59,10.48,89.74,23.02
115.43,2.15,819.73,9.22,2.323,130.19,7.88,73.95,28.74
89.7,3.89,882.42,49.04,0.932,152.29,2.22,50.69,43.11
92.55,9.89,883.41,12.44,2.77,105.95,13.79,26.68,16.49
67.05,0.95,857.02,21.95,0.807,161.46,1.73,72.98,43.36
69.47,4.96,839.24,28.59,2.696,185.88,9.44,174.4,17.76
127.57,8.55,854.13,7.33,0.297,153.97,1.55,83.76,60.24
58.57,3.78,834.86,41.12,0.554,190.07,2.19,63.46,44.77
73.63,5.21,877.92,14.82,1.25,136.24,0.31,147.83,37.3
78.36,9.8,852.35,28.14,2.74,134.46,5.45,43.12,20.2
94.22,5.17,888.7,28.16,0.505,92.22,9.59,51.26,34.36
101.92,2.0,862.93,30.73,2.808,154.99,7.82,187.18,16.01
94.46,1.28,853.72,4.19,0.774,181.7,10.12,16.32,54.04
61.73,9.5,870.44,9.68,1.475,145.18,10.13,82.93,33.41
74.49,3.25,852.83,9.32,1.161,81.12,2.1,115.35,32.43
122.49,5.44,886.88,16.15,0.422,129.34,0.86,46.05,61.59
106.01,1.63,825.68,8.53,3.025,162.17,9.38,56.2,26.11
106.93,4.7,892.73,46.21,1.43,190.6,9.8,44.37,42.16
108.62,9.36,879.04,26.38,2.225,69.27,8.35,69.04,15.07
116.03,5.42,883.16,31.74,1.862,64.76,3.69,179.7,25.2
59.65,9.73,851.05,18.84,1.63,109.01,12.16,86.32,14.4
84.33,3.18,881.16,14.9,1.992,64.47,1.14,83.57,21.38
98.16,5.44,836.08,25.9,2.88,196.97,9.48,77.32,23.94
82.08,8.71,874.77,15.77,2.253,110.77,1.81,192.82,29.27
122.56,4.92,821.94,18.17,1.727,127.71,9.82,23.46,33.76
93.61,3.37,836.1,23.46,2.082,80.2,6.27,174.38,18.55
116.49,8.67,847.89,26.03,1.96,114.61,10.77,65.43,29.51
123.16,4.39,837.4,49.24,1.414,197.63,0.78,191.3,42.86
95.38,5.68,842.9,12.33,2.018,120.75,8.33,63.05,28.79
127.76,9.78,879.71,25.17,1.447,46.37,2.17,16.57,33.95
101.97,2.52,831.82,8.75,2.436,82.59,10.24,104.01,15.92
123.02,3.57,873.35,18.47,3.102,196.66,1.8,45.57,44.09
82.25,1.09,816.27,36.29,3.074,198.31,1.1,150.6,22.21
94.91,4.4,875.09,9.96,2.635,77.63,10.7,131.46,14.76
97.51,2.64,877.32,29.7,1.946,140.37,0.95,137.29,34.53
63.4,7.06,844.14,21.71,2.41,56.92,3.37,38.7,18.77
86.88,2.47,871.41,4.0,0.611,134.5,12.37,141.73,36.86
128.39,7.01,887.79,46.75,1.559,64.52,12.15,62.27,25.25
105.47,3.22,878.06,21.56,0.861,171.89,12.81,199.73,37.46
69.2,4.07,843.19,39.52,0.061,190.63,4.89,146.35,47.49
82.11,4.01,851.16,21.69,3.095,71.81,7.92,118.08,1.95
70.33,7.39,876.25,46.96,2.771,116.72,11.6,173.42,0.0
56.99,5.09,834.87,15.59,1.668,60.82,2.05,117.86,17.99
129.2,4.12,878.33,21.49,0.851,97.57,10.87,110.55,38.87
90.86,8.64,837.89,38.3,2.233,55.09,1.46,47.46,20.63
79.6,6.06,878.51,18.17,1.42,86.0,13.7,135.62,18.47
102.88,2.77,817.38,19.17,2.581,198.48,9.56,74.93,32.93
55.59,9.08,813.77,49.75,3.198,51.91,7.4,8.62,0.0
77.24,3.95,894.8,28.45,1.15,178.14,7.27,163.21,33.39
111.24,1.16,883.9,34.93,0.82,57.01,2.72,10.37,39.11
105.7,5.35,885.04,32.71,0.892,126.99,5.19,134.46,39.17
133.54,1.94,890.86,41.65,0.344,115.08,10.91,31.34,44.21
104.63,2.99,847.26,43.3,1.291,189.39,8.11,86.51,34.8
93.2,7.67,834.38,28.82,0.105,75.85,7.94,171.82,34.38
115.91,2.0,821.05,15.79,0.41,72.85,2.93,18.88,46.79
127.27,8.22,852.6,2.61,0.906,161.05,10.36,133.43,53.04
112.66,9.42,828.7,31.3,0.554,157.49,5.88,122.52,45.3
132.06,6.38,889.52,41.54,2.356,153.37,2.74,173.51,35.09
117.56,7.34,810.34,23.35,0.383,49.05,14.16,34.55,30.99
124.34,7.36,822.17,9.49,2.778,85.29,7.6,159.96,17.65
64.13,9.93,830.95,15.47,0.747,175.18,7.92,90.02,39.58
113.59,3.94,826.91,26.23,0.392,138.13,14.72,85.73,42.39
90.21,2.3,829.19,42.08,0.082,138.34,5.5,72.36,42.39
99.25,5.58,865.76,9.83,2.303,90.87,14.15,77.11,19.88
107.33,5.71,837.84,31.19,0.858,85.33,10.42,103.99,29.79
132.59,2.44,862.28,38.04,1.655,191.72,9.5,21.36,44.27
133.77,6.44,885.67,46.9,0.402,157.8,3.52,85.01,54.45
78.06,0.93,861.22,7.16,3.154,64.66,0.78,130.4,15.94
113.7,9.33,869.04,46.43,0.445,190.34,6.57,99.64,50.65
115.0,3.23,841.07,30.67,1.348,135.27,0.15,33.17,42.64
82.72,1.16,823.58,38.69,2.733,96.67,1.07,72.61,15.66
64.91,1.8,837.25,4.11,0.821,106.56,8.93,88.59,31.18
58.28,3.01,891.96,26.05,0.891,157.44,10.87,133.77,27.81
117.19,3.32,862.85,31.7,2.597,103.32,2.52,180.15,26.04
94.18,1.1,833.59,16.38,0.911,134.71,10.99,110.08,32.32
133.84,3.37,848.33,22.44,0.059,155.13,14.25,135.27,44.59
92.2,2.58,881.02,28.38,1.398,75.28,11.15,15.44,25.97
133.23,4.28,866.82,28.3,0.089,191.36,11.77,190.89,48.59
87.93,4.34,857.66,3.53,2.916,100.21,10.51,63.04,11.63
118.49,3.92,885.24,22.81,2.072,110.0,3.37,70.86,38.26
61.79,3.82,867.16,11.87,1.886,153.27,5.41,44.57,32.26
99.44,1.63,864.63,45.96,0.685,139.36,14.24,16.93,32.66
119.16,1.03,826.13,48.86,2.255,113.22,9.92,158.01,12.77
128.98,2.66,819.04,16.03,2.183,145.71,11.84,48.1,28.6
120.81,7.76,892.04,10.0,0.24,184.94,14.53,56.54,52.9
57.96,9.92,860.9,12.15,2.825,169.04,3.47,36.36,25.55
84.82,9.34,845.33,24.67,1.875,172.76,4.83,194.98,26.35
58.9,5.44,860.07,43.91,2.546,85.05,9.67,156.21,0.0
63.74,5.69,815.25,25.75,0.878,110.01,0.37,185.98,28.51
109.02,3.69,879.88,4.19,0.434,130.84,8.57,172.34,47.8
112.06,7.92,828.41,3.43,2.263,51.85,12.13,181.26,14.12
116.9,7.84,878.39,12.53,2.551,164.32,9.16,95.81,34.29
124.24,8.57,855.42,42.37,1.266,95.14,4.43,34.11,37.56
114.15,9.04,833.51,31.64,0.125,88.8,10.86,65.38,36.84
119.07,4.8,812.57,28.8,2.628,85.19,2.19,58.49,24.55
58.92,7.86,879.35,16.97,0.699,88.92,13.42,143.43,21.15
73.76,8.22,825.0,46.58,1.118,97.39,1.51,5.13,22.5
104.75,3.64,814.4,17.56,2.029,138.75,12.95,28.41,27.81
123.65,9.35,874.25,41.99,0.365,135.45,7.47,136.58,43.97
55.36,1.67,839.75,44.95,0.277,84.64,6.43,24.69,27.27
96.17,9.95,843.09,24.94,0.131,77.0,7.51,9.66,37.2
109.18,7.88,831.0,44.87,2.937,173.09,3.0,21.84,26.6
57.37,1.66,883.03,14.92,1.031,59.37,6.87,138.13,18.68
87.11,6.84,835.27,33.43,2.131,124.49,12.75,27.87,18.2
126.65,1.11,827.87,5.77,3.166,125.69,12.01,29.26,19.97
108.73,7.89,836.29,24.49,2.159,133.99,2.45,46.06,32.9
74.01,8.15,827.27,12.04,1.704,182.28,10.1,150.18,29.97
123.22,6.34,837.0,4.54,1.691,141.71,12.85,40.07,36.7
82.84,8.68,817.05,1.68,1.237,195.91,12.3,7.08,40.16
123.27,1.7,823.48,17.25,1.939,180.06,6.38,181.17,40.41
78.92,3.34,845.45,30.09,3.07,78.28,0.72,175.26,10.75
102.23,4.61,884.75,23.58,2.532,82.38,13.97,36.96,15.71
86.76,1.19,814.87,16.14,1.386,98.44,5.94,53.07,32.38
76.99,4.92,828.08,49.57,1.097,105.68,5.41,37.71,23.7
125.92,3.24,887.21,47.07,2.833,130.71,11.39,143.91,14.13
70.01,4.41,885.65,7.59,0.478,81.04,3.96,50.0,39.55
61.78,4.71,867.75,21.63,2.726,79.46,12.52,186.29,0.0
82.35,8.89,830.44,32.97,0.853,104.12,1.14,165.53,30.61
112.41,3.29,845.68,37.07,2.304,149.16,11.11,117.68,20.09
119.59,9.02,827.95,19.27,2.59,151.66,14.49,1.79,26.89
134.9,4.72,820.93,37.69,1.553,196.3,14.94,176.73,34.37
78.71,3.82,842.3,7.52,0.656,76.37,13.86,145.55,24.93
87.64,5.42,858.94,17.59,2.711,105.89,13.06,157.58,13.1
65.95,4.64,840.59,36.25,1.208,194.53,4.18,14.37,37.23
100.99,3.17,861.92,31.85,1.06,151.95,14.5,141.71,23.84
134.81,5.42,835.18,42.1,1.657,136.8,13.92,160.92,25.68
111.07,2.2,839.4,3.77,1.421,128.65,8.02,191.33,34.15
102.62,4.04,877.21,9.96,2.202,56.7,6.03,116.09,22.11
86.39,6.01,884.66,3.85,0.482,183.47,1.64,101.61,55.11
128.22,4.6,837.37,10.82,1.422,141.95,8.86,85.08,40.56
94.75,8.38,858.58,1.71,2.859,133.61,10.51,140.26,16.55
65.75,3.16,833.64,25.95,0.164,128.62,6.06,184.16,32.9
84.23,9.72,814.53,27.12,1.491,105.75,6.09,119.95,22.74
60.37,8.02,872.72,33.41,2.131,84.47,8.6,45.46,11.22
71.16,9.7,824.54,20.17,2.846,162.07,0.42,3.51,31.73
56.41,8.51,846.19,1.66,1.92,123.98,14.37,123.82,17.03
91.26,2.11,851.4,34.18,2.647,50.26,4.35,172.92,2.68
105.76,5.64,825.68,4.13,0.751,106.86,2.11,13.2,52.78
82.46,2.36,818.04,43.51,1.161,188.93,0.08,79.51,41.37
88.63,8.33,839.58,2.6,3.018,102.95,12.85,188.01,7.53
131.74,6.17,890.94,27.23,2.841,109.05,12.95,100.34,18.75
115.16,3.22,862.29,44.9,1.808,141.71,1.43,44.13,38.27
98.27,9.35,842.42,29.27,1.548,169.26,2.28,70.73,39.74
77.76,1.86,813.31,31.01,1.471,148.61,6.72,81.63,27.3
126.76,5.99,861.02,34.56,0.235,176.76,2.79,23.46,64.93
73.81,7.43,817.84,7.44,2.861,62.67,11.04,132.16,0.8
81.03,1.34,856.12,34.23,2.627,188.31,0.87,118.43,26.27
127.73,6.3,873.92,44.2,1.487,185.11,8.25,129.54,38.92
97.36,8.31,846.0,48.75,0.93,125.47,5.74,122.16,27.49
114.39,1.42,835.45,22.99,1.13,141.84,6.97,3.33,40.06
102.26,5.51,814.03,18.21,0.438,77.99,6.37,34.89,38.78
107.28,3.18,812.11,38.04,2.324,114.43,2.3,33.11,30.1
78.95,6.9,846.55,27.83,1.804,76.42,3.3,19.59,24.16
74.31,1.89,885.08,13.98,0.787,48.41,0.97,147.1,32.96
80.8,9.42,830.75,9.85,2.012,197.04,1.73,24.03,38.83
67.44,9.03,858.79,9.76,3.135,85.17,14.67,133.64,0.0
124.95,2.51,868.17,23.77,0.436,136.93,4.2,35.68,56.06
77.66,3.77,815.17,9.75,1.494,91.54,4.61,23.66,29.11
99.92,6.21,823.01,2.46,1.607,102.45,1.91,32.51,41.52
118.36,7.41,838.16,4.03,0.575,106.65,11.33,101.68,43.09
117.71,4.87,866.96,46.6,1.724,96.93,13.86,129.1,13.32
90.07,2.24,847.32,5.04,1.959,143.8,11.85,162.38,26.13
93.1,1.76,872.41,5.05,0.546,193.95,9.19,25.71,58.54
134.58,10.0,883.75,23.38,0.537,111.44,12.2,123.24,41.68
108.97,4.99,874.46,13.39,2.747,195.87,6.06,154.77,32.25
120.17,8.83,894.34,48.19,1.031,148.51,12.89,62.48,34.02
127.2,5.24,874.12,45.68,2.036,139.11,11.98,15.94,29.94
118.01,9.29,882.44,21.13,2.024,81.75,0.03,31.19,35.19
69.81,1.61,880.75,23.26,2.693,54.75,7.32,18.31,11.05
99.97,1.85,872.07,19.69,2.381,177.05,3.97,177.44,31.3
63.15,9.35,878.15,3.34,2.698,133.97,1.29,75.34,28.79
107.23,9.52,889.45,15.7,2.019,109.23,12.69,104.67,23.09
131.43,3.7,850.39,7.45,1.466,170.85,0.12,153.74,53.91
96.02,4.07,864.25,6.46,1.29,93.14,10.95,74.3,35.14
89.64,4.96,853.77,28.7,1.244,166.46,14.82,129.82,23.14
57.87,4.63,882.34,6.29,1.368,95.83,7.23,15.34,31.17
131.78,2.55,846.67,6.49,0.457,187.74,5.57,96.18,67.89
63.24,9.07,879.68,24.8,1.385,86.53,9.09,19.3,23.95
58.29,3.13,877.95,22.95,1.277,66.32,12.07,49.66,12.17
74.69,7.29,891.76,8.18,0.159,153.2,3.6,58.67,51.59
60.24,1.42,831.16,1.72,0.917,70.24,3.76,143.52,26.97
91.41,1.16,870.32,10.86,2.419,192.15,9.11,134.82,31.54
96.29,6.81,874.34,12.94,1.871,146.61,14.1,149.42,25.62
80.01,3.92,889.58,40.31,2.589,80.78,4.48,12.35,12.07
59.08,6.83,887.09,45.9,1.759,77.37,5.65,198.78,5.46
63.93,1.66,858.75,21.19,2.74,188.2,14.9,10.88,14.62
85.76,9.54,859.23,21.14,2.558,139.22,2.64,165.15,23.71
59.84,7.69,824.22,36.06,0.36,183.53,1.15,148.05,46.46
110.86,8.86,892.87,31.91,3.128,62.08,8.85,118.35,5.63
71.56,2.06,831.68,10.43,0.096,188.44,0.36,87.77,55.6
79.17,3.75,871.6,6.72,1.93,125.61,2.71,151.43,29.21
86.53,4.19,877.64,22.72,2.546,148.61,9.33,147.97,21.06
88.33,5.74,847.5,28.89,1.095,102.8,9.89,27.44,28.56
55.13,3.53,827.95,8.23,1.935,54.17,7.66,158.53,6.84
63.97,1.36,826.06,15.72,1.191,193.49,5.76,15.71,40.92
124.02,4.19,882.8,16.34,0.241,199.16,8.64,100.11,58.93
55.1,3.14,853.41,14.17,0.077,101.5,9.65,129.02,32.22
95.65,4.35,817.66,23.85,0.349,191.3,12.05,164.34,47.65
94.16,2.61,870.95,33.17,0.36,71.0,11.89,92.62,29.35
81.65,3.21,831.26,26.21,1.974,68.98,9.97,47.37,13.27
89.51,6.57,884.49,11.27,1.706,56.33,13.41,98.13,15.5
117.45,4.37,836.31,6.49,1.485,105.65,12.57,50.04,30.25
122.3,3.98,827.02,41.36,2.23,53.11,2.0,105.75,21.77
75.83,5.71,817.21,24.75,0.103,106.17,14.35,92.5,29.62
80.8,7.9,853.48,4.51,0.904,66.45,13.38,156.1,21.09
74.4,4.29,848.31,14.02,2.499,158.23,4.81,48.02,31.48
93.39,6.21,873.86,40.5,2.916,174.17,0.3,40.0,29.93
109.66,9.69,849.49,37.96,1.431,151.61,9.06,94.84,34.24
73.26,5.6,839.22,43.98,0.307,76.08,6.58,10.1,29.81
81.46,9.17,832.24,30.7,2.566,163.86,11.24,45.87,17.19
129.43,8.1,833.64,22.01,2.838,83.67,7.87,70.74,18.0
58.89,1.34,888.87,22.19,1.353,162.72,1.15,97.53,37.93
91.86,4.75,824.03,10.91,0.817,132.95,3.67,53.89,47.76
111.92,7.22,893.99,33.06,0.189,101.84,13.24,112.13,35.17
67.04,9.88,837.79,29.88,1.912,57.94,0.57,175.68,15.06
58.79,5.02,817.51,9.01,2.916,173.26,11.05,108.75,10.87
66.06,1.65,831.14,44.45,2.185,190.65,4.38,57.37,26.47
128.51,5.97,814.97,19.37,1.049,148.22,6.79,12.4,49.68
55.74,1.96,877.15,3.91,2.075,194.5,7.97,27.33,31.71
70.07,7.71,853.57,17.4,2.671,189.79,3.75,112.24,27.31
57.5,5.47,838.64,43.69,1.549,75.16,9.78,136.74,7.48
63.85,7.46,866.27,45.97,2.632,158.34,10.4,9.93,9.05
104.61,8.8,863.6,25.28,1.285,99.14,1.28,37.11,38.21
74.33,6.59,889.89,47.88,1.148,120.57,5.61,63.82,27.28
100.54,6.43,891.71,43.95,1.886,69.33,11.17,63.95,19.95
102.22,7.74,867.86,41.52,1.514,196.09,10.82,191.68,28.08
122.95,8.55,879.51,43.2,3.128,157.55,8.17,40.75,24.29
55.38,8.8,877.36,20.02,1.677,86.37,11.67,12.5,17.03
123.27,1.14,851.76,38.19,1.263,102.58,1.61,70.6,38.24
104.53,5.92,869.88,29.5,1.294,110.48,1.77,26.89,41.65
68.02,2.79,816.65,36.4,1.776,160.87,9.86,25.32,20.63
116.83,8.72,874.43,10.12,1.168,188.48,10.4,81.49,48.37
123.44,6.77,891.76,36.97,2.327,94.82,12.22,61.28,15.54
75.34,4.67,817.22,47.94,1.249,118.24,2.72,18.35,27.7
128.5,2.53,881.07,16.18,1.26,136.95,7.75,120.86,46.48
91.36,3.92,889.3,49.33,1.993,105.97,9.91,100.34,14.79
103.27,7.27,829.23,19.85,0.242,123.15,3.36,15.42,54.73
133.77,2.68,854.61,11.19,2.114,61.38,7.75,172.55,26.91
83.92,1.66,888.87,6.95,1.641,70.99,9.58,56.94,25.61
120.05,8.97,891.62,39.57,1.477,107.17,3.22,192.28,30.98
80.47,7.83,820.87,28.41,2.316,186.82,5.63,186.31,22.19
118.94,2.64,839.67,16.4,2.439,99.15,3.25,86.82,26.53
103.06,3.49,869.34,31.01,2.716,83.72,13.54,45.71,9.12
72.31,9.74,828.83,17.61,1.231,160.14,3.55,166.97,35.3
88.12,7.32,837.61,23.25,1.08,192.12,1.81,72.26,52.85
80.41,6.42,811.98,43.34,2.3,116.16,0.53,32.71,22.81
61.25,3.63,823.05,33.91,1.883,46.33,0.67,110.32,9.92
57.39,3.55,857.8,38.48,2.04,151.66,2.87,97.88,18.37
82.72,1.16,865.51,29.8,1.8,109.33,9.12,170.0,16.86
56.52,7.5,865.16,49.58,2.484,149.42,0.26,145.86,17.51
68.24,1.2,876.16,13.21,0.649,88.05,4.3,175.23,32.08
113.01,0.84,845.3,14.22,1.8,45.37,0.87,146.94,30.43
111.65,7.51,833.25,5.99,0.548,98.4,6.05,128.43,43.85
114.09,9.53,811.32,28.37,1.333,154.24,0.73,100.04,46.07
80.37,7.76,827.56,31.25,2.142,105.93,9.11,197.51,5.79
126.2,5.14,836.55,36.71,1.603,78.97,10.33,191.83,23.3
102.51,5.27,825.15,17.77,1.246,116.92,10.97,169.77,24.53
65.08,4.81,811.71,2.09,2.838,161.61,3.37,155.06,24.42
66.5,3.79,823.38,32.16,2.484,63.51,13.03,115.51,0.0
110.45,5.6,866.62,49.94,1.708,152.22,10.35,51.95,27.42
68.84,4.77,863.51,15.79,3.043,148.44,0.85,175.09,19.72
95.58,6.3,889.53,10.42,1.387,102.46,6.61,2.16,39.98
134.34,9.06,877.84,15.17,2.532,195.4,11.52,45.49,41.17
55.32,9.95,858.26,22.13,0.579,183.68,4.66,80.75,45.52
56.33,1.52,821.69,13.67,0.95,94.01,5.72,117.23,29.35
134.45,4.34,857.95,18.33,1.115,49.82,9.44,112.18,33.15
101.77,2.46,815.24,32.45,0.383,92.79,0.83,35.16,48.42
65.15,4.04,846.63,18.23,1.631,76.73,14.5,20.96,13.45
126.78,3.44,843.17,20.71,0.656,129.82,2.62,44.47,56.91
125.43,2.41,846.36,3.44,2.048,187.41,0.4,69.74,55.67
97.9,7.83,833.79,46.02,0.649,179.9,0.08,2.81,49.96
104.74,5.37,868.3,21.23,0.439,92.4,5.99,138.49,40.65
76.85,9.26,881.48,17.41,3.103,111.43,13.26,49.55,9.77
59.04,1.1,875.32,5.69,2.123,50.66,12.3,70.28,9.13
102.57,1.42,863.36,32.26,3.0,129.35,13.68,66.98,12.29
78.58,4.51,855.76,43.4,1.593,54.82,8.01,102.37,13.15
108.09,1.54,812.64,3.5,0.155,190.48,6.73,171.96,56.35
121.9,3.22,871.45,8.55,1.859,179.37,5.79,29.88,42.7
56.45,9.87,856.32,8.6,1.809,78.2,0.7,68.15,30.48
102.66,2.72,833.01,30.71,0.097,153.4,13.64,138.41,37.34
73.5,2.62,837.87,46.18,2.763,133.04,7.44,8.85,9.55
124.91,6.08,889.53,22.73,2.003,169.21,6.83,166.0,35.57
75.29,5.38,863.07,18.17,2.396,118.73,7.73,192.37,14.24
103.86,6.14,850.45,38.64,1.606,74.72,11.91,121.53,13.61
99.28,4.27,862.78,37.51,1.998,144.18,3.37,191.3,25.01
86.69,8.41,845.17,13.47,0.861,57.44,10.65,82.61,24.09
109.21,2.07,849.97,9.3,3.117,135.61,10.66,83.01,22.18
113.06,4.74,834.68,18.85,1.312,77.97,12.74,21.25,33.18
100.36,7.15,847.39,39.12,0.561,151.17,0.13,7.09,53.41
115.67,8.79,868.28,35.21,0.226,173.35,2.56,48.9,61.4
133.67,4.2,813.4,33.79,2.054,61.98,7.07,95.63,20.59
88.54,6.02,877.58,41.73,3.148,107.04,12.76,101.54,1.82
96.17,1.44,834.05,14.94,2.872,158.7,14.48,43.52,19.4
56.0,2.37,868.02,17.97,2.262,70.37,8.92,122.56,5.95
118.68,1.44,864.63,3.55,3.17,132.81,3.18,36.24,33.45
96.62,7.5,865.47,43.63,2.327,149.14,2.77,65.24,30.05
87.64,3.45,861.69,29.75,1.119,99.99,9.59,39.14,30.99
62.53,7.46,891.52,15.96,1.944,173.96,3.15,139.33,33.11
126.17,1.41,853.21,4.87,0.301,124.15,8.3,103.31,50.06
86.6,8.74,872.25,36.59,0.748,142.18,12.52,147.22,27.36
109.61,8.49,869.96,37.81,1.365,66.84,5.85,11.45,26.22
66.95,1.62,830.08,33.81,0.686,48.59,5.68,85.07,21.08
131.92,1.02,834.08,11.38,3.054,52.87,0.54,193.39,21.68
69.28,1.32,846.04,45.79,3.186,185.11,3.81,10.72,17.19
70.96,8.65,833.6,38.03,1.218,181.81,10.47,83.68,28.41
123.72,2.96,841.17,33.4,2.284,170.18,5.41,8.08,39.09
128.01,5.84,843.23,33.07,1.334,75.94,2.37,29.33,39.08
71.97,4.72,861.33,45.36,0.489,126.45,1.59,92.51,33.51
92.58,8.12,828.69,46.52,1.111,168.4,1.43,31.5,40.62
113.68,5.3,878.36,30.39,0.785,149.57,9.89,103.75,42.37
125.27,5.41,847.19,21.71,1.083,62.91,9.19,184.55,32.15
85.32,9.9,870.03,19.14,0.727,183.81,7.78,40.08,47.03
96.36,2.18,816.92,41.23,0.404,69.91,7.5,21.44,31.99
114.34,8.44,849.95,32.76,0.735,71.63,2.3,165.06,37.84
113.49,1.28,812.4,5.25,2.903,184.66,7.51,92.05,32.08
117.64,5.19,867.45,8.4,0.318,120.12,0.9,176.52,58.28
100.59,8.95,839.22,45.16,1.073,102.8,13.89,61.22,23.87
63.37,6.92,890.69,44.4,1.715,130.82,0.87,125.51,28.2
127.32,7.1,837.55,47.66,1.167,197.12,6.35,184.66,41.82
124.25,3.22,857.92,22.25,1.68,63.54,0.01,34.34,44.78
118.85,4.65,831.88,39.53,0.187,162.33,11.79,160.15,39.06
62.99,4.17,862.71,41.67,2.093,96.82,2.49,126.3,19.52
71.35,5.6,849.7,16.81,1.825,63.14,13.87,162.59,8.47
114.49,5.05,841.5,8.55,2.195,110.4,0.66,34.14,43.6
56.85,3.81,827.31,49.86,1.837,130.06,12.31,86.82,5.52
133.34,3.61,819.48,2.97,1.429,76.92,9.85,25.77,40.11
85.17,3.11,820.19,30.47,1.153,107.82,3.75,192.02,30.01
112.55,4.16,894.92,33.04,0.763,143.53,3.04,12.54,49.07
126.01,2.18,845.05,34.57,1.625,134.35,5.37,13.1,39.46
86.57,8.82,810.16,13.9,0.132,157.09,12.43,179.63,32.59
80.53,6.34,891.0,36.5,1.084,174.64,12.93,60.15,31.35
103.7,2.03,811.7,12.0,2.185,108.42,2.63,119.4,27.64
101.48,7.18,845.58,41.71,0.392,110.56,5.3,57.5,38.86
87.73,8.6,870.99,12.13,0.248,121.99,3.56,129.75,55.13
103.14,2.99,887.74,35.29,2.104,132.78,1.84,38.49,39.17
129.83,2.19,870.6,39.5,1.303,61.79,9.7,91.77,22.72
92.41,0.88,849.41,10.66,2.576,93.46,5.19,106.7,22.88
70.74,1.23,892.83,13.04,3.003,71.64,3.38,66.73,16.92
85.18,7.81,813.34,39.29,3.065,104.81,12.99,50.34,0.0
86.53,9.88,893.89,5.67,1.391,195.87,11.22,28.04,45.34
65.49,1.21,882.2,10.75,0.883,135.32,11.61,141.23,30.96
68.03,7.68,888.96,23.59,1.967,111.55,0.59,33.66,27.23
109.76,1.46,831.66,46.61,2.029,132.72,13.73,58.43,14.61
82.16,6.25,822.11,28.75,2.01,148.71,8.62,67.38,23.59
131.39,7.76,866.38,20.3,1.064,112.42,7.56,90.87,43.32
74.49,4.1,853.85,48.95,0.251,114.4,0.16,140.51,34.27
62.91,0.9,854.47,23.99,0.712,153.72,13.46,85.59,26.82
115.28,6.28,888.59,22.54,0.536,54.43,8.16,174.22,33.26
125.48,9.92,862.71,21.46,0.44,128.71,12.38,135.96,44.41
77.25,3.17,836.44,16.64,2.968,129.84,9.83,167.7,9.1
71.17,2.54,844.01,17.3,0.094,162.3,11.95,143.27,42.37
69.86,1.94,821.35,34.86,1.946,197.31,10.39,29.73,23.45
96.76,5.91,826.35,3.48,3.035,168.34,13.81,195.59,16.12
92.47,6.29,822.18,34.57,1.184,123.09,3.38,157.32,29.6
75.76,8.09,878.87,11.26,1.71,71.27,3.03,114.54,28.0
58.61,7.73,869.91,20.13,2.242,136.18,10.69,33.05,16.1
93.52,9.01,855.08,8.61,1.049,174.32,7.52,34.54,52.75
131.75,8.21,841.82,28.31,1.555,189.52,8.99,122.87,37.96
107.2,3.07,866.82,36.87,2.624,172.92,10.63,83.24,27.39
94.64,5.91,879.1,18.7,2.398,74.29,8.21,135.17,16.17
63.86,3.54,884.9,9.43,2.597,155.45,11.82,74.49,20.57
75.19,3.83,856.5,12.49,3.16,181.42,4.78,102.57,27.38
78.58,9.37,879.69,41.18,1.217,150.56,12.88,37.59,28.2
116.18,7.07,853.46,14.48,2.403,151.29,1.62,31.04,40.14
125.14,9.77,850.34,39.07,1.949,122.53,9.51,15.13,30.93
127.13,4.64,883.56,17.56,2.15,143.73,13.35,163.93,32.89
133.77,5.74,842.84,10.65,2.381,90.63,3.79,111.08,30.89
133.59,5.28,843.65,36.77,2.412,58.77,4.9,189.43,22.3
131.24,1.79,835.92,24.22,2.84,173.3,4.58,149.9,33.33
60.75,2.98,854.09,3.02,1.15,191.19,8.46,153.75,36.58
66.02,5.65,856.31,48.06,2.108,177.81,6.19,101.81,17.82
79.36,1.42,866.14,8.67,0.933,96.76,1.62,163.09,37.16
99.23,9.37,846.59,18.64,1.923,59.5,13.37,188.41,5.25
62.76,1.94,828.52,20.16,2.416,88.42,3.07,144.35,11.91
122.66,2.62,883.68,25.24,2.542,175.64,8.01,21.12,36.45
104.34,7.84,839.41,39.59,1.373,146.65,8.92,130.2,26.12
98.39,1.69,888.45,1.8,1.652,194.84,0.61,24.09,59.4
68.22,9.08,827.63,46.72,1.102,98.12,1.44,15.44,26.82
75.26,7.48,857.6,32.83,0.582,130.48,14.58,138.58,22.48
67.82,1.43,855.61,47.61,0.871,167.46,9.97,166.96,23.38
123.15,7.16,880.44,41.14,2.923,81.27,0.5,31.77,25.42
101.74,6.61,821.8,46.5,1.023,194.43,11.91,14.83,36.46
113.81,7.77,887.34,30.65,3.12,136.82,7.63,177.3,15.7
78.68,8.42,855.17,18.83,0.811,46.22,1.13,26.44,35.09
84.7,7.41,859.82,22.98,2.328,48.9,10.21,7.02,11.76
87.39,6.19,853.36,33.41,1.858,181.74,7.49,144.21,25.63
115.8,3.77,813.06,22.21,2.245,145.02,3.07,169.54,30.52
116.79,7.21,852.25,36.99,2.078,163.28,13.17,102.89,26.25
71.55,9.6,832.4,5.95,2.276,166.52,4.37,107.99,31.99
130.32,6.21,839.13,41.75,2.902,110.17,4.27,67.37,21.69
64.65,6.91,865.17,11.4,1.825,168.78,4.09,47.69,38.15
126.69,4.82,852.3,47.28,0.264,190.32,11.51,151.05,42.3
63.03,7.76,817.92,9.04,0.903,71.69,10.59,169.86,16.12
76.16,9.98,816.21,7.76,2.281,163.44,13.55,64.25,20.84
122.72,2.28,825.78,40.88,1.606,92.71,3.44,54.76,35.37
69.36,2.66,826.23,41.21,1.778,94.83,11.8,53.56,9.73
88.09,5.76,861.71,37.33,1.929,108.98,8.6,10.12,21.27
90.99,5.23,825.11,48.09,1.255,178.88,4.63,56.22,39.63
74.62,6.06,884.95,14.62,2.488,48.42,0.53,5.13,21.69
111.82,1.25,827.83,41.59,2.329,112.26,12.28,157.68,16.55
123.11,4.52,817.75,18.57,2.3,150.41,3.62,51.19,37.14
124.97,6.16,884.44,27.56,2.303,62.11,9.48,138.03,15.69
82.15,6.18,835.1,23.11,2.855,167.8,8.23,108.64,18.2
97.47,6.85,846.16,1.78,1.925,190.99,0.07,167.49,46.36
74.87,7.43,891.52,29.36,3.096,59.09,14.92,192.08,0.0
74.58,6.7,890.27,37.75,0.425,68.71,12.21,73.46,29.34
67.9,8.07,870.77,9.97,2.041,195.99,7.3,17.67,37.81
130.2,6.55,815.86,46.69,2.308,75.67,10.21,149.93,12.18
126.04,5.75,860.43,27.22,1.553,57.24,7.15,4.26,30.59
117.19,6.38,894.07,10.14,0.958,192.59,11.17,44.59,52.04
96.41,1.73,890.49,32.83,1.783,183.36,2.01,10.65,47.34
94.25,3.31,819.01,10.81,1.199,146.64,6.7,179.63,31.56
97.38,5.65,843.66,4.58,2.914,130.47,5.03,1.06,27.14
97.93,8.83,836.82,34.74,1.174,187.48,6.89,98.55,38.7
89.77,7.05,821.03,6.87,0.603,146.61,6.76,84.8,48.72
65.54,1.63,869.06,6.65,1.866,147.05,2.15,130.55,32.85
65.05,6.25,833.28,37.39,1.297,175.77,14.65,57.95,22.61
131.18,2.84,839.31,4.18,0.352,146.25,0.23,174.74,62.12
93.56,7.55,817.68,40.77,1.829,123.07,0.15,146.87,29.84
131.26,8.41,852.33,40.11,1.744,105.41,5.6,86.46,27.78
68.09,6.26,823.44,8.36,0.596,122.99,9.31,71.61,36.85
99.35,6.24,846.73,26.64,1.933,125.98,2.69,163.18,28.73
71.62,3.92,822.18,6.19,1.837,100.93,8.0,151.41,22.23
75.25,4.91,891.08,32.18,2.487,114.46,10.84,79.8,10.16
57.4,8.75,822.32,4.55,1.189,169.29,1.41,68.27,42.93
64.52,7.45,854.36,47.31,0.834,109.56,14.77,7.78,17.15
128.35,5.58,826.74,11.57,3.046,48.96,5.05,16.34,19.01
80.72,4.19,816.49,34.62,1.818,88.87,9.64,10.78,12.91
103.65,1.26,827.2,7.72,0.135,80.92,1.66,4.88,51.73
92.2,2.12,814.66,11.67,2.635,168.01,10.64,30.57,25.92
87.04,2.58,821.85,23.37,0.67,114.64,12.61,171.43,23.59
97.55,4.24,851.95,29.3,2.526,88.45,1.58,159.63,18.38
69.98,9.49,865.4,49.94,2.271,170.66,1.89,169.11,15.7
134.09,5.45,817.42,2.76,3.102,47.98,4.22,124.76,19.78
120.46,2.96,847.49,1.52,3.092,72.01,0.18,124.81,29.78
114.33,1.77,859.41,18.49,0.914,173.18,14.79,24.79,45.24
92.5,3.91,829.91,19.26,2.464,130.35,8.98,139.79,18.28
67.23,8.3,841.63,44.37,1.048,164.92,9.11,56.01,28.25
128.65,4.33,816.11,45.76,2.032,174.92,14.38,103.85,21.65
82.31,7.91,828.71,44.21,1.933,191.0,12.48,190.94,20.3
59.01,8.18,849.67,8.44,0.222,54.83,12.21,174.12,26.86
82.39,1.82,894.19,21.49,0.066,168.88,5.09,46.64,55.06
118.56,6.4,894.68,37.68,0.232,154.86,5.02,147.33,57.22
104.82,9.62,893.27,16.66,0.453,77.09,4.38,20.82,45.4
115.07,4.5,845.96,33.67,0.862,189.41,5.2,5.35,49.53
118.49,1.27,816.86,13.0,2.907,107.65,5.54,5.63,25.52
71.96,9.29,837.5,17.19,1.684,182.58,2.1,34.05,40.38
128.9,8.93,830.21,43.23,2.56,138.79,5.34,138.99,29.8
90.04,5.6,811.2,13.65,2.691,126.65,6.7,72.66,20.44
106.12,5.88,818.09,48.27,2.365,69.73,4.64,3.19,13.92
55.18,2.75,848.52,16.35,1.283,186.72,2.48,197.6,33.17
134.47,8.34,838.87,2.64,2.771,131.28,5.6,106.68,37.92
77.47,5.39,825.33,13.86,2.387,45.94,7.21,78.78,13.1
59.97,1.11,870.87,9.8,2.391,47.83,10.81,103.77,4.21
91.66,7.08,840.35,26.08,2.89,165.53,10.67,103.99,12.33
65.32,9.54,882.41,6.97,1.936,70.1,3.04,94.05,21.31
67.19,8.43,830.48,31.86,1.715,137.8,0.55,122.59,31.77
105.58,3.35,855.76,43.93,2.854,150.57,4.56,177.13,19.77
86.43,1.29,825.65,19.08,1.482,88.3,2.36,60.34,31.49
128.75,9.45,852.1,9.67,2.606,133.24,5.94,97.39,39.0
80.53,9.42,822.96,20.9,0.22,82.24,14.69,0.73,34.3
113.09,5.7,823.73,39.62,0.054,191.68,2.72,171.96,53.39
91.89,6.71,862.04,30.19,1.714,178.33,4.78,61.18,37.98
107.8,5.06,832.42,6.41,0.282,89.65,10.88,54.26,40.9
102.98,4.66,824.65,27.55,3.126,126.97,7.64,199.51,9.86
92.82,1.9,889.03,24.2,0.067,122.6,0.66,116.88,48.25
131.0,1.69,813.66,17.36,2.312,193.8,2.43,24.61,44.46
82.42,2.94,858.04,6.84,0.817,106.07,14.03,53.1,27.26
69.18,8.5,856.6,49.08,3.098,132.15,1.55,70.65,14.21
109.25,2.14,831.3,10.04,1.252,188.95,9.53,197.21,37.16
122.68,2.89,848.49,10.85,0.136,70.24,11.88,86.12,46.54
58.22,5.85,817.46,8.56,0.135,130.33,3.98,46.03,42.87
90.97,2.78,871.31,29.15,1.793,61.38,10.88,113.95,18.15
126.4,2.3,828.84,23.02,3.158,140.71,2.55,80.95,28.11
114.97,5.98,826.44,13.6,3.136,101.68,4.27,10.99,21.15
134.34,4.19,836.76,22.33,1.112,194.98,4.68,172.18,55.07
97.51,6.56,886.7,34.17,1.571,109.39,14.95,3.14,26.43
107.8,9.19,877.7,15.16,0.366,66.11,3.22,179.7,39.45
79.2,2.19,890.49,45.89,1.695,174.27,1.94,158.37,30.33
130.8,9.2,865.42,16.36,1.939,172.23,13.89,15.16,37.26
84.31,9.1,866.35,11.11,0.841,152.7,2.43,144.72,45.82
114.08,8.43,850.8,47.8,1.978,161.07,13.19,154.19,19.96
87.25,6.61,886.94,40.81,2.884,86.03,9.76,120.46,3.44
99.95,6.51,853.42,18.14,0.053,144.52,8.65,115.53,43.15
112.58,6.68,840.18,42.31,0.771,50.89,11.27,9.94,23.94
95.71,7.15,864.43,26.66,0.711,75.52,10.89,11.9,33.15
127.57,0.95,856.42,18.32,0.44,189.5,1.66,145.46,62.02
88.54,9.61,820.54,42.22,0.573,159.58,14.99,21.11,29.8
106.77,6.19,843.38,37.98,2.022,80.75,14.13,48.37,10.48
82.39,7.99,836.63,15.95,0.373,62.26,13.45,99.77,23.7
87.65,4.27,881.98,30.92,2.376,192.08,9.33,32.83,33.03
90.2,0.91,842.2,19.42,2.844,62.39,7.84,157.97,3.79
65.06,5.49,879.83,1.55,2.969,84.85,8.04,161.48,11.16
62.34,5.47,847.6,48.15,2.13,73.31,0.22,168.43,9.02
108.4,4.82,874.05,28.16,0.672,46.16,7.49,9.91,35.23
107.44,3.93,821.5,30.52,0.319,93.69,9.36,85.57,33.74
108.03,3.1,888.6,30.59,0.781,196.0,9.88,169.38,43.14
56.58,5.65,850.85,28.21,3.08,98.0,4.98,72.64,6.14
81.12,4.25,832.08,15.57,3.081,123.17,7.07,139.16,11.16
70.82,9.72,830.53,48.62,1.253,160.62,9.54,117.85,22.06
117.25,2.39,832.53,31.65,1.076,130.42,6.42,69.44,40.56
123.85,3.74,841.17,34.04,1.657,160.26,14.43,55.28,36.19
74.73,3.5,870.99,23.56,0.969,147.55,10.58,130.55,31.18
108.43,5.8,890.72,15.46,3.136,139.33,0.02,26.72,30.48
65.35,5.39,866.87,4.62,0.747,145.7,0.35,172.02,47.88
77.01,6.72,856.51,18.49,1.213,168.87,10.35,115.29,32.48
66.09,9.54,848.13,10.04,1.403,155.08,6.19,22.3,42.27
77.68,3.42,880.4,33.61,0.444,167.73,12.59,140.71,37.45
108.98,7.17,882.22,44.13,1.256,67.57,2.6,86.22,28.99
127.83,1.03,834.91,16.18,2.749,150.04,0.21,40.82,42.64
71.2,3.21,891.04,17.64,0.492,159.24,5.82,192.21,39.69
98.37,5.07,843.58,34.01,1.89,91.49,11.04,143.93,14.31
111.11,1.09,878.01,8.74,1.331,180.56,14.58,118.6,41.61
131.23,6.48,892.18,46.58,0.587,92.23,13.25,169.77,32.23
103.8,7.04,869.81,19.15,0.089,82.79,7.26,108.77,44.76
75.41,7.67,823.73,6.41,0.911,179.4,12.19,88.29,37.86
105.04,5.55,859.82,9.97,0.245,83.29,1.05,37.89,59.31
80.64,6.36,820.1,46.74,1.237,109.4,8.58,30.68,20.52
133.09,4.44,877.08,13.49,2.602,102.03,13.86,86.39,19.15
86.97,1.18,833.91,33.62,2.317,184.2,5.95,91.19,23.6
109.83,1.72,869.09,9.07,3.034,115.56,14.4,146.66,17.22
56.86,6.83,887.36,10.91,1.395,152.62,3.31,88.42,37.01
87.0,9.96,825.39,44.14,2.28,168.08,1.58,118.63,26.12
125.01,0.95,843.39,8.68,2.146,142.33,7.87,166.5,32.65
103.82,5.93,865.01,2.41,0.734,191.27,13.61,198.67,43.23
90.52,7.71,845.67,25.81,1.006,169.39,4.67,64.51,41.72
129.87,8.41,824.86,43.34,1.719,107.03,12.0,180.39,19.99
123.32,5.82,812.47,17.31,2.559,192.38,2.54,161.21,38.09
80.78,6.5,844.56,7.72,1.505,126.31,11.18,13.6,32.18
98.56,7.21,865.18,49.14,0.767,48.5,8.36,66.83,23.15
94.19,8.7,858.79,34.32,3.179,85.3,2.63,43.81,13.2
105.58,1.93,823.28,42.76,0.414,141.37,10.77,132.88,30.02
81.73,9.32,848.31,37.98,3.061,69.31,10.71,111.06,0.0
74.54,1.04,841.41,35.36,2.598,135.53,7.73,98.97,20.57
128.01,8.49,833.31,20.15,2.693,101.05,3.38,152.71,29.58
128.91,1.51,871.99,17.23,2.554,127.83,1.98,66.66,41.96
122.47,2.59,836.32,36.27,0.706,45.29,14.36,76.55,21.21
133.26,0.84,855.91,36.26,2.043,176.51,9.84,173.13,31.75
114.6,4.9,888.47,47.6,2.434,101.1,12.14,194.44,7.13
116.17,3.88,855.84,29.08,2.399,66.72,10.45,155.27,9.07
116.01,2.33,862.45,15.79,0.905,112.88,12.44,43.41,37.37
93.45,4.95,816.23,25.24,0.621,120.36,2.44,22.53,47.76
91.52,4.5,825.14,31.27,1.084,143.8,7.45,41.84,37.23
74.22,7.86,818.58,22.2,1.562,126.31,10.01,84.55,19.78
106.59,9.02,875.01,39.87,1.857,51.75,1.55,47.34,24.7
78.15,6.8,881.05,29.85,2.686,180.08,2.25,180.21,26.94
75.62,1.94,825.85,1.96,2.472,115.76,9.51,134.14,15.66
101.88,3.52,828.64,29.14,2.18,56.93,13.03,83.35,8.88
87.8,9.2,837.47,32.23,0.88,164.79,9.91,54.76,37.11
72.51,1.62,860.24,45.89,1.558,147.32,0.54,76.13,31.77
120.28,4.54,862.85,21.57,1.107,145.66,14.56,95.21,36.77
123.85,9.47,868.37,29.36,0.79,111.17,2.09,142.76,43.71
68.42,9.55,886.94,24.54,0.082,108.63,3.49,17.87,43.91
55.6,4.58,835.08,27.29,1.119,128.13,14.62,169.77,10.63
81.89,6.94,865.99,4.76,0.857,52.84,11.57,25.51,25.04
118.8,5.0,857.58,45.02,1.851,91.34,14.05,52.49,16.82
122.13,7.73,836.0,45.65,0.246,198.12,12.1,198.72,44.06
66.07,1.09,887.13,28.08,0.902,147.64,9.78,38.04,29.9
116.95,2.13,818.12,28.49,0.191,109.93,4.27,20.23,50.28
64.26,6.45,870.52,4.29,2.07,79.47,4.9,127.68,22.55
86.21,2.94,871.87,30.5,1.84,160.51,14.21,78.63,18.01
134.89,6.93,887.8,22.31,1.113,85.34,12.91,18.37,36.7
70.41,4.03,854.08,35.89,0.514,70.17,5.39,0.75,34.51
67.32,8.96,837.34,3.79,3.067,68.95,5.6,15.83,14.0
88.82,8.34,880.36,35.98,1.891,158.04,4.47,104.55,26.27
104.57,5.33,875.52,15.41,2.189,144.64,4.89,46.18,38.86
129.63,7.91,852.53,33.11,1.724,55.82,12.91,155.51,14.44
133.47,3.29,875.27,31.92,2.591,62.83,0.16,171.5,26.41
60.57,5.35,832.77,12.5,2.874,143.25,6.54,28.97,16.68
66.04,2.62,860.11,22.86,1.256,133.52,14.14,67.4,22.15
118.26,8.72,883.54,42.03,2.224,151.33,8.14,29.31,29.48
76.65,8.37,837.03,30.87,0.774,72.6,6.76,57.34,26.41
125.79,9.1,851.1,4.83,2.103,157.62,4.69,47.84,44.87
108.08,8.87,890.84,22.98,1.307,190.09,1.11,157.37,50.07
63.95,9.63,877.85,16.62,0.071,138.16,3.37,69.1,45.15
121.6,2.9,885.4,32.62,3.06,75.4,1.36,99.11,22.36
69.11,9.37,842.75,31.31,2.786,150.33,1.9,134.78,18.58
88.88,6.06,894.7,2.0,0.966,98.18,2.45,164.45,37.96
99.17,4.69,822.97,30.97,3.193,52.64,4.53,60.24,9.86
95.06,5.96,854.1,37.14,1.049,91.86,0.17,41.84,36.87
109.89,3.95,850.74,38.78,1.495,185.37,14.25,195.69,26.62
107.21,3.45,877.87,4.36,2.731,108.73,1.86,64.03,35.72
134.36,3.02,887.23,16.23,1.009,179.02,5.75,134.21,56.16
134.95,1.56,872.15,21.93,1.469,123.84,13.19,135.57,36.25
96.32,5.37,863.28,10.22,2.147,125.13,1.6,102.81,34.73
62.62,8.97,846.33,21.91,0.461,45.81,7.25,45.69,28.28
113.23,6.6,853.38,4.95,1.38,143.75,12.67,28.29,40.97
133.13,5.59,853.29,6.99,1.025,61.71,8.35,97.4,40.44
80.47,4.74,811.73,33.93,2.182,119.21,3.16,102.19,20.98
91.9,5.07,852.76,14.23,0.478,85.35,11.03,154.67,34.17
88.98,2.73,882.76,36.0,0.783,105.82,10.22,141.97,28.8
59.11,8.37,870.29,3.83,2.291,128.25,5.43,182.41,19.95
108.78,2.63,877.64,28.79,0.542,47.24,0.69,194.17,34.58
83.27,7.39,843.19,20.49,1.379,89.11,0.12,145.57,31.12
118.0,7.79,854.96,40.15,2.296,198.39,12.38,15.3,29.29
121.57,6.09,812.85,39.52,2.461,53.9,4.82,81.02,12.74
120.7,8.74,842.55,19.71,0.349,94.51,2.07,121.76,43.64
88.33,3.48,850.33,31.7,2.734,94.82,7.78,118.04,6.25
80.72,8.91,831.69,12.54,2.331,103.8,13.81,36.29,19.48
114.91,7.51,812.66,29.65,1.119,151.14,0.13,116.59,44.16
119.11,8.15,868.68,5.44,2.456,83.4,0.84,69.94,40.63
94.3,6.91,846.98,22.58,2.344,116.34,6.26,67.79,25.01
126.44,8.59,845.33,10.36,1.943,144.95,10.14,166.8,33.59
66.51,9.94,831.25,44.34,1.809,94.96,7.14,84.39,7.92
125.33,4.67,855.72,23.08,2.364,192.06,13.46,105.48,31.36
62.69,8.29,847.23,30.15,3.198,196.85,0.66,112.57,26.39
67.28,7.65,850.29,18.98,1.872,63.55,5.1,112.6,20.22
97.71,4.97,859.37,15.5,2.597,98.29,5.27,42.62,25.38
60.4,9.33,810.54,11.34,2.394,77.24,5.1,119.89,8.62
59.22,4.43,887.15,45.73,2.746,73.95,7.32,66.92,0.0
55.04,6.0,816.04,40.27,3.057,121.1,11.86,131.0,0.0
89.91,1.77,848.33,7.96,0.658,132.39,4.77,29.14,51.68
116.97,2.88,827.63,37.72,0.571,110.98,11.17,198.82,33.37
57.79,8.53,854.52,21.8,1.897,87.25,2.2,154.41,18.52
107.18,4.45,833.82,2.25,1.465,88.19,8.41,83.45,32.81
120.85,4.43,883.1,27.13,1.848,198.78,5.63,60.27,50.68
68.44,3.06,843.69,7.81,2.564,188.17,8.09,77.56,24.69
66.75,5.32,864.29,11.68,2.985,56.76,1.62,144.24,10.2
123.86,8.21,831.15,35.26,1.365,146.77,14.3,131.08,29.2
120.85,9.04,811.65,13.97,2.311,115.82,13.59,140.42,17.6
98.12,1.45,844.35,44.76,0.67,151.77,12.4,177.8,26.27
120.54,6.09,855.6,33.37,1.734,137.53,13.39,91.26,25.17
62.42,5.1,849.06,41.87,0.119,182.83,2.2,133.9,46.84
86.56,6.45,891.77,31.34,1.637,55.38,7.56,88.3,23.42
114.02,4.91,870.08,43.64,1.768,99.19,4.77,127.62,26.38
75.6,4.47,894.63,19.04,2.367,197.75,13.31,94.96,24.11
115.19,5.14,835.08,28.13,2.096,73.25,2.84,155.33,21.96
95.33,6.15,877.07,26.52,1.179,64.74,3.3,1.05,34.92
115.02,5.41,857.22,45.33,0.068,157.99,10.3,43.14,44.9
92.17,5.14,862.0,9.5,0.414,165.5,1.33,59.29,58.19
84.43,8.32,893.8,29.54,3.115,149.2,10.99,189.08,10.15
72.54,7.66,865.59,38.09,2.955,165.31,4.02,101.41,16.46
71.67,3.94,886.4,19.45,1.074,152.53,9.91,72.87,33.94
115.12,8.17,871.69,43.58,0.865,66.04,13.1,80.86,22.94
64.51,8.65,820.83,19.59,1.425,139.27,9.14,90.36,23.82
61.88,2.21,869.45,9.91,2.223,165.42,3.19,173.57,27.11
69.1,6.16,851.17,29.83,1.174,179.16,0.74,192.47,38.91
69.03,3.42,888.1,21.9,0.262,83.17,0.67,168.83,33.84
120.85,7.6,878.58,2.24,1.319,64.75,1.33,168.33,45.49
86.88,3.0,818.85,4.89,0.871,166.07,8.7,39.8,45.15
134.23,6.98,821.38,10.97,1.074,84.76,5.22,53.74,45.95
65.98,3.15,815.92,38.81,0.563,49.95,3.65,119.21,22.59
107.28,5.5,851.93,44.76,2.125,172.91,3.29,131.23,29.28
90.9,9.53,816.87,27.96,1.709,123.43,14.23,40.54,17.23
86.43,4.31,871.51,6.62,0.903,95.63,1.78,149.26,38.05
125.01,8.86,856.95,27.42,1.795,46.77,4.57,39.99,28.43
133.05,9.88,881.05,43.0,1.602,50.48,7.07,52.6,28.46
124.83,8.85,833.78,37.85,2.557,167.86,0.01,61.36,36.13
70.38,2.33,854.13,15.62,3.061,120.9,13.81,169.2,3.98
72.66,8.34,819.99,7.51,0.462,68.21,1.49,146.42,29.92
107.49,1.1,885.19,45.18,2.834,100.57,10.24,106.14,8.9
78.13,4.42,824.88,42.92,2.27,70.62,9.43,163.95,3.98
113.78,8.81,818.7,4.11,2.232,62.5,12.14,162.59,15.43
100.31,7.14,827.43,41.45,1.229,87.83,9.77,77.97,19.61
99.07,5.7,878.53,6.21,1.133,130.17,11.54,156.29,33.52
121.28,4.37,818.99,4.57,0.068,77.55,6.32,41.25,43.59
111.84,8.27,862.23,38.29,3.144,98.27,7.33,100.65,9.25
57.13,7.33,873.43,27.51,1.96,119.08,10.52,23.65,19.48
58.96,5.11,873.84,21.61,1.317,110.1,8.53,85.36,22.13
103.12,9.01,826.16,45.34,1.763,64.94,7.67,104.07,13.2
93.9,2.92,815.24,42.21,0.178,51.02,3.08,15.98,28.66
75.81,2.37,848.15,4.29,0.597,50.5,3.87,92.52,30.71
88.49,6.71,827.21,31.38,2.014,99.28,5.38,130.33,21.64
115.63,9.74,869.44,38.95,1.67,156.41,0.14,122.82,42.92
121.13,3.07,840.32,28.2,2.529,65.34,6.26,10.87,18.64
99.9,3.1,848.2,49.18,2.125,166.98,0.04,19.07,33.72
85.83,2.08,819.65,34.77,1.945,155.93,8.48,70.27,23.69
76.66,8.72,858.24,6.55,2.618,45.61,10.56,168.54,1.62
96.75,2.88,825.77,11.12,0.265,49.15,8.43,173.95,26.06
80.18,5.43,867.71,41.57,2.226,75.23,10.4,61.92,7.67
100.13,9.92,816.05,49.84,2.304,53.7,0.0,143.78,13.62
109.13,0.91,892.95,6.27,0.917,127.36,0.89,115.48,54.6
60.29,5.92,868.18,6.37,0.666,51.14,10.48,196.68,21.97
55.09,5.51,825.45,38.52,0.724,169.41,12.04,18.93,23.83
71.98,8.23,811.2,4.62,0.674,121.41,10.77,109.58,32.37
126.56,4.07,838.43,4.83,1.7,157.83,9.95,118.51,40.4
106.7,4.58,822.99,44.61,0.477,161.36,10.61,61.53,38.2
68.76,2.35,828.56,40.32,2.127,123.55,11.09,9.39,11.98
126.22,7.62,884.18,44.26,0.381,188.43,10.87,10.42,50.41
92.6,8.02,861.27,33.05,0.135,198.49,11.07,90.72,39.32
93.09,2.06,825.0,17.14,1.056,100.68,1.11,138.49,40.1
129.84,4.42,857.32,45.46,0.654,64.51,0.95,140.04,39.02
59.76,9.01,831.74,15.99,3.164,101.3,5.42,36.19,6.22
72.21,0.82,892.98,14.86,1.004,79.62,7.91,171.59,26.77
101.86,3.55,812.78,44.49,0.75,127.31,11.44,75.43,27.27
70.64,5.91,872.25,34.52,0.67,103.65,5.02,192.87,26.28
109.36,3.87,875.7,44.94,1.228,119.47,4.13,23.63,35.69
72.13,3.3,815.71,9.06,1.958,163.29,11.72,167.29,22.47
62.93,5.03,824.61,47.69,2.513,87.47,3.74,181.67,0.0
71.56,2.47,842.67,31.22,1.198,128.31,12.31,164.54,15.53
88.82,5.67,883.79,33.9,2.022,96.95,2.66,161.77,25.04
69.09,7.3,855.64,45.83,1.568,166.67,5.39,72.26,26.62
65.78,6.09,865.7,19.97,2.716,144.13,6.02,142.67,16.37
123.82,1.66,876.56,36.4,1.842,46.32,4.49,115.87,25.52
80.63,8.57,880.39,32.56,0.963,147.31,0.05,84.9,41.49
83.86,2.41,850.48,39.71,2.266,71.38,3.53,198.62,8.57
59.42,7.84,853.25,45.0,2.633,157.29,5.06,58.09,15.41
83.59,4.12,871.03,34.48,1.516,132.94,4.7,82.63,26.8
76.18,8.0,832.38,4.78,3.16,107.23,11.78,180.57,5.3
103.84,2.7,882.63,10.38,2.819,152.58,0.71,57.8,36.11
71.43,2.52,811.77,47.77,0.67,177.77,5.83,30.54,38.14
126.07,5.37,826.64,48.48,2.528,165.71,0.56,62.0,35.25
129.37,1.1,878.02,48.42,1.943,129.53,13.96,151.86,20.76
62.99,2.87,838.92,3.28,1.735,157.02,11.85,171.97,18.85
63.59,7.46,822.74,20.05,1.669,109.16,14.73,22.89,14.44
64.23,8.5,825.87,38.34,2.738,167.3,13.65,124.34,1.46
104.57,1.54,855.11,38.01,1.974,173.5,4.74,113.46,33.04
64.76,8.92,881.93,5.67,1.744,66.28,10.37,133.76,10.23
123.19,8.14,816.01,31.06,0.204,81.89,4.6,134.21,37.61
115.34,8.8,812.59,8.43,1.462,86.85,13.32,191.89,25.66
120.58,7.23,849.54,25.42,2.91,70.74,6.16,69.31,18.78
97.08,7.0,891.28,13.12,2.292,105.84,5.64,59.95,28.72
134.73,5.63,833.72,4.08,0.211,74.92,13.71,116.25,39.89
58.53,6.81,891.53,5.38,2.835,137.31,12.55,85.88,10.89
87.1,9.26,885.45,45.68,2.654,60.75,14.5,94.75,0.0
80.91,1.72,834.07,37.62,1.772,86.84,1.0,13.86,24.89
130.89,3.71,879.44,46.69,0.121,148.16,3.65,29.65,60.44
101.15,1.47,868.3,24.29,1.822,106.77,4.51,187.07,26.5
119.5,9.49,853.5,21.54,0.222,110.33,6.37,13.66,51.73
68.63,4.9,845.95,18.88,1.059,168.68,7.1,118.03,31.95
133.29,7.01,879.32,31.39,2.031,197.6,4.37,150.92,43.12
94.89,8.54,877.41,18.55,2.926,132.59,11.86,2.37,20.27
94.49,9.92,874.34,37.69,1.177,57.26,3.35,44.55,27.78
132.67,2.29,894.85,40.36,2.759,60.95,10.45,75.41,12.59
85.46,8.16,850.67,43.98,2.943,195.12,12.78,101.36,13.11
86.8,8.96,878.59,13.28,0.116,150.28,9.06,68.32,52.8
101.78,1.25,883.31,27.06,0.804,161.63,5.31,129.8,45.65
65.24,7.74,827.99,12.34,2.286,149.74,2.82,45.28,31.97
80.69,4.06,813.58,3.32,2.434,72.84,2.02,5.1,26.95
70.46,6.77,844.4,35.83,1.286,114.5,11.16,0.31,24.74
63.26,5.53,882.82,28.13,2.119,168.7,7.04,69.1,23.93
124.29,3.19,834.57,36.61,1.978,179.29,0.69,72.33,43.13
102.15,2.04,869.5,5.75,2.38,81.79,14.76,189.72,12.0
83.69,1.88,810.62,49.78,2.314,137.37,10.07,8.96,14.78
87.69,1.75,840.21,49.73,0.32,69.35,12.66,106.01,21.13
89.52,6.67,862.32,24.05,0.548,193.53,6.57,115.56,48.45
105.65,4.03,821.03,43.5,0.468,84.09,14.33,139.86,23.4
129.14,2.79,886.21,13.31,2.987,157.63,2.99,127.75,35.27
129.62,7.17,823.28,37.27,2.928,80.82,2.78,1.63,25.0
86.32,7.12,887.33,44.14,2.562,140.49,13.36,126.37,11.69
81.34,5.76,828.39,41.01,0.418,147.19,13.38,64.48,31.37
91.08,9.4,894.51,40.87,1.859,95.91,7.49,154.57,18.02
100.43,4.35,861.4,23.96,0.64,171.92,1.89,37.67,56.9
91.95,8.49,817.17,41.27,1.21,182.23,4.58,143.24,32.69
107.7,1.49,815.55,35.0,0.891,177.54,11.31,125.1,36.3
99.35,7.61,816.37,7.92,2.661,96.27,12.69,130.46,13.24
80.66,9.89,860.14,7.04,0.505,160.37,5.21,35.19,48.33
82.66,8.59,878.81,38.94,2.085,131.72,0.92,133.83,27.33
85.29,6.13,844.25,31.84,3.149,136.86,9.99,147.4,3.9
62.57,6.57,847.81,26.69,2.214,119.0,11.09,97.88,9.9
68.29,4.05,860.09,45.5,0.3,138.04,6.36,68.07,34.74
112.85,7.05,855.31,33.49,2.91,66.03,8.75,33.31,10.35
86.13,7.89,868.49,20.71,2.076,108.37,14.81,57.99,16.51
72.16,9.98,850.1,21.58,1.487,72.54,3.67,152.77,21.62
100.01,5.33,870.68,30.85,2.128,88.42,8.59,81.88,17.37
115.44,1.36,894.77,38.37,2.819,64.81,9.16,140.54,10.72
75.59,6.28,839.78,28.87,1.553,77.94,8.24,148.02,12.99
121.14,1.9,811.04,26.17,1.724,166.2,13.04,134.83,35.06
129.2,3.05,820.68,36.75,1.475,130.22,9.08,134.71,30.41
102.79,3.82,857.05,35.71,0.279,48.66,7.62,122.16,26.92
108.52,7.53,839.26,41.77,2.529,167.22,1.85,103.68,27.18
59.21,2.49,889.9,4.53,0.448,185.97,10.55,39.56,49.82
130.64,2.32,863.33,38.12,1.293,181.47,1.98,168.56,46.57
86.4,1.21,854.23,26.42,1.268,172.57,0.4,192.85,37.11
128.91,8.83,877.83,5.12,0.932,198.79,7.33,93.3,62.12
101.32,7.18,831.98,34.43,1.318,135.89,8.59,186.65,25.41
55.37,1.17,879.68,36.25,1.997,194.2,14.99,199.6,13.43
58.08,1.06,810.26,26.9,1.031,192.07,10.68,97.24,31.6
109.43,5.94,862.67,40.0,0.593,93.55,12.73,144.87,27.39
100.01,3.4,889.45,16.06,2.789,178.83,5.2,128.76,37.83
57.12,6.29,876.97,11.29,3.108,167.83,7.63,47.45,14.91
114.48,4.8,882.56,18.51,1.495,165.25,14.61,9.42,36.89
123.17,9.29,843.74,21.39,1.08,183.92,6.26,90.67,49.76
94.71,3.45,880.06,35.25,0.2,104.55,12.11,157.44,36.67
92.26,7.05,856.82,42.51,0.166,107.01,7.89,65.03,40.75
55.44,1.3,862.58,36.46,1.288,144.21,3.36,156.89,28.85
117.93,9.59,815.01,9.94,2.98,159.36,8.71,130.96,23.49
81.46,9.82,827.13,19.26,2.352,181.36,3.27,139.11,28.23
125.3,7.6,856.83,9.18,1.15,180.76,0.05,57.15,59.97
84.84,5.08,815.0,34.81,3.099,156.81,3.54,94.01,14.97
100.21,2.82,873.02,13.54,1.401,193.32,2.9,36.34,56.79
76.63,8.28,881.4,26.98,0.922,72.69,5.56,49.32,29.33
67.85,7.57,888.23,39.9,1.393,192.3,13.33,17.97,28.24
116.99,2.84,818.65,34.04,0.716,54.95,5.82,25.35,35.97
94.73,4.95,889.88,15.97,2.84,131.12,12.68,42.1,15.11
97.92,5.06,815.75,17.64,1.188,58.98,8.33,116.05,24.07
132.23,8.4,850.29,33.19,2.123,133.04,0.11,88.24,37.02
132.09,7.09,881.42,28.15,1.275,105.47,2.83,53.39,44.83
123.45,6.72,815.98,6.18,2.89,57.65,13.97,172.22,6.51
70.01,6.78,811.55,43.89,2.073,145.46,9.06,105.03,11.11
102.54,3.29,812.12,26.36,1.588,158.34,13.94,184.62,23.09
125.25,4.22,853.46,24.46,0.466,72.0,4.65,126.99,42.64
84.96,1.22,878.99,11.12,2.891,152.64,10.75,3.16,23.37
63.09,8.04,820.83,19.78,1.772,72.75,11.58,182.7,6.85
119.88,4.78,820.59,17.64,0.948,66.3,14.64,171.49,20.92
93.54,4.83,858.33,14.63,2.815,67.84,0.27,127.05,21.76
100.15,3.06,829.92,29.02,0.221,137.86,14.28,106.95,34.69
133.57,2.73,872.07,23.92,1.039,165.71,5.87,90.59,50.64
103.58,6.21,890.72,44.63,1.741,137.52,12.57,96.43,20.46
89.0,2.94,875.11,47.16,1.12,170.45,8.17,153.84,29.87
84.6,1.39,884.56,12.14,1.552,136.68,8.47,102.63,37.69
88.41,7.86,854.16,6.36,0.883,168.58,5.39,35.2,50.38
64.47,4.26,880.75,39.59,0.46,196.36,12.43,11.64,35.27
118.58,4.3,825.55,49.75,0.166,105.6,3.96,25.24,46.49
122.02,4.77,815.81,43.38,0.547,68.24,7.38,50.29,31.82
77.75,8.3,865.76,2.65,3.052,65.99,8.4,73.55,11.73
79.3,3.75,814.42,13.69,1.863,137.61,11.14,178.48,17.6
124.95,7.77,885.86,3.6,1.59,129.8,7.07,47.82,50.02
56.92,9.44,868.78,41.31,1.261,73.56,10.2,63.92,10.69
96.64,6.88,890.94,29.7,2.282,181.73,7.28,44.6,37.11
92.09,4.77,836.68,26.42,0.495,193.3,9.89,109.15,41.23
110.21,7.68,851.32,28.39,0.92,84.25,10.11,123.42,28.25
68.07,5.01,873.04,13.74,2.116,77.07,10.64,106.43,16.2
108.47,4.61,830.64,30.68,1.559,78.16,12.35,190.37,15.34
85.14,5.63,856.06,2.99,2.476,105.05,8.11,199.08,23.6
104.5,3.72,866.05,32.83,2.876,177.25,2.9,167.48,26.23
58.21,1.76,893.2,37.12,2.644,137.37,10.19,161.06,6.77
91.94,4.62,873.3,34.14,0.63,55.47,1.16,73.21,40.09
96.78,1.94,820.04,17.61,0.338,118.31,3.28,115.96,41.47
72.15,4.58,850.4,41.57,0.584,59.0,11.88,70.29,12.87
66.17,5.92,860.05,36.2,2.518,107.96,6.53,156.87,6.06
70.08,9.36,822.46,7.72,2.929,107.55,7.47,34.37,16.95
82.53,1.13,846.72,10.96,2.965,145.49,14.81,43.33,10.09
62.74,6.52,834.14,32.4,0.989,130.17,3.53,7.74,35.23
130.79,5.01,820.1,15.54,2.697,180.59,0.29,121.79,43.37
87.4,0.99,853.52,7.29,1.739,47.52,1.67,137.71,31.18
119.72,3.1,824.08,9.02,2.642,164.97,3.67,0.67,43.89
132.95,1.89,860.2,9.53,1.777,48.51,10.89,102.16,27.83
61.46,2.79,824.42,24.67,0.51,92.16,11.64,75.37,26.53
107.13,3.33,871.51,30.96,0.3,181.35,8.48,158.48,48.85
124.71,4.49,826.6,10.06,3.065,152.01,3.83,7.78,34.89
105.74,5.67,886.18,36.06,1.391,71.66,7.83,9.71,25.69
89.32,0.81,812.23,15.13,1.154,121.07,0.22,124.04,38.14
89.49,2.29,854.37,16.61,1.172,156.9,10.23,118.33,34.9
57.87,1.66,837.21,12.34,1.244,190.29,9.21,166.22,31.68
97.77,5.86,829.13,39.58,3.027,143.32,0.33,118.45,15.29
134.48,3.83,850.09,48.05,0.248,48.82,12.26,189.87,24.98
131.7,5.85,881.57,25.39,0.425,122.45,11.45,62.88,46.75
58.23,2.84,887.8,3.54,2.537,68.71,4.62,79.58,18.11
111.46,1.02,835.78,14.14,1.781,52.41,9.53,195.53,21.98
79.14,9.46,823.11,9.17,0.455,137.77,9.02,21.5,43.24
127.24,1.8,871.21,42.37,0.159,165.42,2.15,159.18,52.65
58.61,1.97,859.47,5.62,0.756,50.59,2.9,2.31,29.83
129.87,2.15,827.09,48.37,0.872,166.46,10.25,97.3,40.26
122.0,9.83,874.63,30.04,0.095,154.49,14.0,30.68,46.51
64.4,6.48,854.11,26.61,0.731,161.56,8.64,119.77,35.32
59.79,6.41,865.54,42.6,2.376,82.93,8.52,159.63,4.42
121.78,9.88,840.54,2.84,2.745,106.01,9.7,6.61,24.91
67.46,1.61,847.32,39.19,2.879,63.56,6.61,32.75,3.92
97.79,9.77,825.33,7.16,1.278,82.03,0.81,68.52,42.86
128.26,2.68,874.3,42.28,1.056,91.93,5.95,51.16,39.94
100.4,6.53,823.35,27.17,3.2,94.51,13.5,76.64,0.0
86.78,4.66,876.16,4.46,2.473,72.13,12.07,190.37,8.47
90.6,4.33,877.83,41.91,1.743,74.25,13.91,20.24,9.84
60.05,9.37,873.46,2.82,0.853,184.73,2.29,84.66,51.38
132.5,2.17,811.65,8.21,1.062,166.5,7.59,91.42,51.99
79.85,9.97,833.22,40.19,1.673,98.39,8.77,56.07,10.2
70.15,4.29,849.81,24.05,1.758,191.88,3.15,55.7,36.96
77.88,6.77,860.62,44.25,0.093,82.03,3.01,142.95,34.49
132.15,9.7,888.13,32.32,3.072,108.06,11.73,123.57,15.79
62.54,1.33,841.93,31.74,1.863,171.1,10.08,162.57,18.26
124.38,9.29,884.38,15.67,1.906,113.65,9.71,81.01,33.0
111.63,6.02,823.89,7.98,0.716,81.37,4.0,121.34,39.36
121.4,7.28,841.56,48.12,2.46,102.12,7.6,178.72,13.64
133.07,2.17,814.44,6.58,2.372,122.61,0.35,170.27,38.47
122.37,5.71,873.11,27.16,0.35,141.2,1.95,184.0,54.01
130.47,7.0,822.81,14.72,1.924,107.87,7.77,53.8,36.47
65.15,5.0,831.85,14.31,2.123,111.85,4.65,197.08,17.48
118.66,2.23,875.89,30.34,2.682,85.91,14.49,163.28,11.34
98.65,3.05,855.45,40.2,0.699,127.98,7.07,158.96,32.11
98.48,8.66,811.19,39.19,2.815,79.02,1.25,133.52,8.43
126.91,1.12,810.19,43.64,1.504,179.47,0.27,196.65,42.26
132.74,7.32,853.41,15.71,0.354,160.84,10.88,88.31,53.81
111.39,9.99,835.92,24.09,0.383,108.59,2.57,148.31,46.49
93.64,0.87,825.33,1.95,0.673,160.82,2.82,139.76,47.95
91.51,2.28,862.16,37.72,0.941,46.08,6.36,146.42,25.33
85.91,7.0,829.42,16.16,1.614,98.4,3.96,150.29,28.68
83.93,1.35,860.34,28.73,2.409,113.25,9.25,38.15,16.83
86.32,6.23,842.24,9.71,0.638,117.82,7.29,69.81,38.46
62.18,7.09,825.87,41.24,3.177,161.05,1.67,78.45,15.87
61.19,6.21,821.74,41.14,0.559,194.24,11.77,149.6,25.26
117.39,4.16,830.13,44.06,1.938,103.9,6.39,143.25,26.96
90.69,7.21,812.54,3.73,2.976,99.34,9.16,166.67,9.87
129.45,6.27,836.19,49.63,2.672,139.63,0.06,157.7,31.05
103.98,2.71,886.67,13.52,2.091,88.59,9.4,119.21,23.48
57.81,5.98,880.67,16.51,2.304,66.91,4.24,27.99,21.08
67.6,8.91,841.62,13.59,0.473,194.04,7.42,127.09,42.77
71.47,6.93,858.95,14.48,0.08,170.48,4.47,177.41,48.02
133.06,5.14,858.23,28.3,1.418,193.57,14.94,128.63,40.35
72.5,3.76,880.44,13.13,0.332,78.76,3.46,179.13,38.03
96.26,1.59,830.08,20.6,1.177,47.76,13.69,199.81,15.61
129.89,3.05,835.19,33.3,0.755,112.78,13.77,71.84,33.23
133.18,0.9,835.65,42.05,2.936,189.71,6.32,144.66,27.52
73.91,9.88,813.47,35.1,2.822,66.44,4.56,107.99,6.69
58.93,2.85,836.75,30.32,2.63,63.16,5.72,90.99,1.82
67.29,8.3,884.62,8.66,2.299,55.69,14.84,47.97,9.17
60.07,2.35,887.52,41.08,0.535,163.58,9.28,49.18,33.51
70.61,3.41,819.32,3.31,0.202,166.82,8.17,36.99,49.35
100.49,4.65,848.93,14.31,2.11,152.78,0.54,126.3,38.9
128.0,3.78,842.41,4.27,2.073,53.26,12.72,28.41,23.19
97.98,8.14,851.6,33.87,1.214,157.11,1.26,86.28,42.03
105.08,9.61,857.15,19.37,1.539,114.54,0.7,104.67,40.19
71.15,8.85,811.72,33.12,1.591,69.47,4.12,87.65,16.56
119.05,2.21,881.59,18.33,0.806,90.74,7.14,170.99,42.49
104.42,7.95,892.76,23.6,1.04,122.68,13.43,88.63,35.25
124.13,2.16,865.54,23.71,1.368,96.1,11.85,16.57,34.44
130.91,9.2,866.14,3.71,1.95,195.31,2.96,198.44,48.8
82.83,5.56,854.88,22.37,3.061,118.58,5.58,169.0,10.05
62.25,3.89,838.41,32.59,1.746,102.68,11.7,132.01,14.0
73.07,2.24,822.66,27.98,2.353,149.34,7.91,151.26,13.13
90.03,0.91,859.65,5.15,2.592,145.83,2.62,25.64,36.03
130.66,3.08,813.82,33.9,0.408,45.38,5.94,153.18,34.18
85.26,9.21,880.08,16.48,2.107,140.86,9.39,41.55,27.64
116.66,8.13,845.78,2.2,1.569,82.78,14.6,97.8,24.69
98.24,9.72,845.25,9.05,1.853,103.16,9.93,35.6,26.81
69.62,1.73,837.81,25.63,0.171,154.48,0.24,150.76,44.8
80.66,6.25,892.4,16.55,2.905,131.39,10.58,49.19,15.81
107.26,3.17,824.87,35.18,3.051,102.14,3.76,50.64,20.41
108.83,5.8,822.86,13.17,0.061,70.95,12.93,21.84,38.89
89.78,3.75,824.07,38.98,0.72,123.35,5.76,144.12,29.79
73.29,3.41,865.97,15.39,0.618,94.5,2.99,59.17,40.11
112.75,6.08,894.31,31.61,2.511,186.5,7.02,103.66,34.83
68.51,2.49,830.02,40.26,1.934,127.82,3.83,66.45,19.78
129.93,5.12,886.98,20.2,0.609,179.22,3.54,154.94,60.93
70.03,6.79,833.68,3.77,2.614,105.48,8.6,45.3,14.44
63.58,1.98,865.07,27.47,1.163,173.25,11.51,188.17,27.73
94.81,9.36,813.44,49.78,1.502,53.76,12.52,64.27,7.92
96.56,5.45,852.13,48.5,1.27,91.21,5.97,20.77,26.52
95.66,8.34,865.64,12.22,1.692,57.12,1.0,48.06,31.47
89.93,6.82,855.59,38.15,1.562,49.91,7.26,14.79,15.85
134.59,7.33,830.22,18.23,0.915,187.42,6.51,93.75,50.58
93.9,7.39,880.42,9.27,1.387,156.11,2.95,50.05,46.01
93.24,8.85,892.46,33.8,2.911,141.89,13.44,177.21,10.03
88.74,6.45,849.03,25.79,1.634,127.54,14.61,103.43,17.16
60.35,3.36,864.05,27.65,2.937,133.28,0.78,46.67,15.54
102.44,1.72,877.19,41.63,1.783,144.0,11.94,90.25,21.48
73.24,6.38,830.53,17.82,2.472,173.12,9.69,39.2,22.46
106.01,1.41,883.48,33.85,0.975,137.52,3.92,35.75,44.0
59.07,3.02,833.82,19.26,2.54,161.03,9.53,60.13,16.86
133.51,1.36,875.95,3.57,0.883,88.55,1.93,21.66,58.86
92.52,5.85,819.53,19.83,0.112,196.4,1.04,37.73,64.69
126.74,2.28,834.51,47.58,0.556,49.94,14.9,187.61,22.58
93.04,6.42,855.36,24.94,0.118,104.92,9.55,133.36,32.84
59.83,8.08,854.62,6.75,3.033,181.72,3.8,184.22,19.09
120.78,8.36,882.29,34.86,3.2,72.98,6.75,51.37,16.25
106.85,3.65,894.67,48.22,2.451,66.91,14.25,171.4,0.45
117.54,5.85,819.11,45.54,0.391,101.64,6.58,72.45,39.55
89.25,5.98,833.07,29.24,2.882,111.37,13.51,28.84,8.68
106.03,5.15,840.4,19.75,2.393,189.68,13.03,160.94,28.89
123.5,6.83,850.71,29.66,1.097,174.6,5.16,11.93,54.1
105.49,2.73,851.98,41.07,1.632,116.93,10.44,80.97,25.9
82.81,9.81,882.78,43.27,2.135,195.81,9.91,163.86,20.91
108.0,1.7,875.5,41.21,0.126,144.55,11.57,123.44,39.66
